insert into `sys_home_carousel_param` (`carousel_interval`, `status`) values('3','1');

INSERT INTO `sys_home_area_ad` (`id`, `code`, `name`, `sequence`, `is_enabled`) VALUES('banner-1',NULL,'横幅广告1','-3.455322265625','1');
INSERT INTO `sys_home_area_ad` (`id`, `code`, `name`, `sequence`, `is_enabled`) VALUES('banner-2',NULL,'横幅广告2','-4.46875','1');
INSERT INTO `sys_home_area_ad` (`id`, `code`, `name`, `sequence`, `is_enabled`) VALUES('banner-3',NULL,'横幅广告3','4.66064453125','1');
INSERT INTO `sys_home_area_ad` (`id`, `code`, `name`, `sequence`, `is_enabled`) VALUES('carousel',NULL,'轮播广告区','-4.890625','1');
INSERT INTO `sys_home_area_ad` (`id`, `code`, `name`, `sequence`, `is_enabled`) VALUES('floor-1',NULL,'推荐管理楼层1','-3.65789794921875','1');
INSERT INTO `sys_home_area_ad` (`id`, `code`, `name`, `sequence`, `is_enabled`) VALUES('floor-2',NULL,'推荐管理楼层2','4.853515625','1');
INSERT INTO `sys_home_area_ad` (`id`, `code`, `name`, `sequence`, `is_enabled`) VALUES('floor-3',NULL,'推荐管理楼层3','-3.453125','1');
INSERT INTO `sys_home_area_ad` (`id`, `code`, `name`, `sequence`, `is_enabled`) VALUES('hot',NULL,'热门推荐','-4.328125','1');
INSERT INTO `sys_home_area_ad` (`id`, `code`, `name`, `sequence`, `is_enabled`) VALUES('quick-nav',NULL,'快捷功能区','-4.609375','1');


INSERT INTO `sys_home_carousel_ad` (`sorting`, `link_type`, `goods_id`, `link_address`, `pic_address`, `status`, `create_person`, `update_person`, `gmt_create`, `gmt_update`) VALUES('3','2',NULL,'http://','','0','1','10027','2017-06-09 10:20:49','2017-08-14 14:52:48');
INSERT INTO `sys_home_carousel_ad` (`sorting`, `link_type`, `goods_id`, `link_address`, `pic_address`, `status`, `create_person`, `update_person`, `gmt_create`, `gmt_update`) VALUES('6','2',NULL,'http://','','1','2','10027','2017-06-09 10:21:18','2017-08-14 14:52:49');
INSERT INTO `sys_home_carousel_ad` (`sorting`, `link_type`, `goods_id`, `link_address`, `pic_address`, `status`, `create_person`, `update_person`, `gmt_create`, `gmt_update`) VALUES('4','1','122','','','0','1','10027','2017-06-09 10:21:30','2017-08-09 20:14:35');
INSERT INTO `sys_home_carousel_ad` (`sorting`, `link_type`, `goods_id`, `link_address`, `pic_address`, `status`, `create_person`, `update_person`, `gmt_create`, `gmt_update`) VALUES('2','1','11111','','','1','2','10027','2017-06-09 10:21:35','2017-08-09 20:14:42');
INSERT INTO `sys_home_carousel_ad` (`sorting`, `link_type`, `goods_id`, `link_address`, `pic_address`, `status`, `create_person`, `update_person`, `gmt_create`, `gmt_update`) VALUES('1','2',NULL,'aaaa','','1','10027','10027','2017-08-02 14:19:59','2017-08-14 14:52:53');
INSERT INTO `sys_home_carousel_ad` (`sorting`, `link_type`, `goods_id`, `link_address`, `pic_address`, `status`, `create_person`, `update_person`, `gmt_create`, `gmt_update`) VALUES('5','1','123',NULL,'','0',NULL,NULL,'2017-08-04 16:18:06','2017-08-09 20:14:25');


INSERT INTO `sys_home_item_ad` (`id`, `area_id`, `name`, `title`, `sub_title`, `product_no`, `url_type`, `url`, `icon`, `ad_type`) VALUES('banner-1','banner-1','横幅广告1',NULL,NULL,NULL,'1','http://www.yatang.com/products/1','http://sit.image.com/group1/M00/00/EC/rB4KPFlgMKCAaOMjAAHOxWBblUc265.jpg','BANNER');
INSERT INTO `sys_home_item_ad` (`id`, `area_id`, `name`, `title`, `sub_title`, `product_no`, `url_type`, `url`, `icon`, `ad_type`) VALUES('banner-2','banner-2','横幅广告2',NULL,NULL,NULL,'1','http://www.yatang.com/products/1','http://sit.image.com/group1/M00/00/EC/rB4KPFlfeTeAL437AAHOxWBblUc741.jpg','BANNER');
INSERT INTO `sys_home_item_ad` (`id`, `area_id`, `name`, `title`, `sub_title`, `product_no`, `url_type`, `url`, `icon`, `ad_type`) VALUES('banner-3','banner-3','横幅广告3',NULL,NULL,NULL,'1','http://www.yatang.com/products/1','http://sit.image.com/group1/M00/00/EB/rB4KPVlfLiGAV1VSAAHOxWBblUc912.jpg','BANNER');
INSERT INTO `sys_home_item_ad` (`id`, `area_id`, `name`, `title`, `sub_title`, `product_no`, `url_type`, `url`, `icon`, `ad_type`) VALUES('floor-1-1','floor-1','楼层1-1号位','楼层1广告2号位','楼层1广告2号位副标题','热门推荐广告1号',NULL,'http://www.yatang.com/products/1','http://sit.image.com/group1/M00/00/EB/rB4KPllgc4yAMm9PAAD2M_ELLbk527.jpg','FLOOR');
INSERT INTO `sys_home_item_ad` (`id`, `area_id`, `name`, `title`, `sub_title`, `product_no`, `url_type`, `url`, `icon`, `ad_type`) VALUES('floor-1-2','floor-1','楼层1-2号位','楼层1广告3号位','楼层1广告3号位副标题','热门推荐广告1号',NULL,'http://www.yatang.com/products/1','http://sit.image.com/group1/M00/00/E7/rB4KPVlcjIOAZU92AACUAF6MwAk181.jpg','FLOOR');
INSERT INTO `sys_home_item_ad` (`id`, `area_id`, `name`, `title`, `sub_title`, `product_no`, `url_type`, `url`, `icon`, `ad_type`) VALUES('floor-1-3','floor-1','楼层1-3号位','楼层1广告4号位','楼层1广告4号位副标题','热门推荐广告1号',NULL,'http://www.yatang.com/products/1','http://sit.image.com/group1/M00/00/E7/rB4KPFlcjJ6AajMCAACFCgDFMAw716.jpg','FLOOR');
INSERT INTO `sys_home_item_ad` (`id`, `area_id`, `name`, `title`, `sub_title`, `product_no`, `url_type`, `url`, `icon`, `ad_type`) VALUES('floor-1-4','floor-1','floor-1-4号位','23','234','热门推荐广告1号',NULL,'http://www.baidu.com','http://sit.image.com/group1/M00/00/EC/rB4KPVlfgKOAElxqAAD2M_ELLbk832.jpg','FLOOR');
INSERT INTO `sys_home_item_ad` (`id`, `area_id`, `name`, `title`, `sub_title`, `product_no`, `url_type`, `url`, `icon`, `ad_type`) VALUES('floor-1-5','floor-1','floor-1-5号位','12','123','热门推荐广告1号',NULL,'http://www.baidu.com','http://sit.image.com/group1/M00/00/EC/rB4KPFlfgJiABS1JAACByU6sRrk973.jpg','FLOOR');
INSERT INTO `sys_home_item_ad` (`id`, `area_id`, `name`, `title`, `sub_title`, `product_no`, `url_type`, `url`, `icon`, `ad_type`) VALUES('floor-1-6','floor-1','floor-1-6号位','12','12','热门推荐广告1号',NULL,'http://www.baidu.com','http://sit.image.com/group1/M00/00/E7/rB4KPFlcjM2AEU4HAACSpwHVMPE070.jpg','FLOOR');
INSERT INTO `sys_home_item_ad` (`id`, `area_id`, `name`, `title`, `sub_title`, `product_no`, `url_type`, `url`, `icon`, `ad_type`) VALUES('floor-1-title','floor-1','楼层1-栏目标题','热门推荐广告123',NULL,NULL,NULL,'http://www.baidu.com',NULL,'COLUMN_TITLE');
INSERT INTO `sys_home_item_ad` (`id`, `area_id`, `name`, `title`, `sub_title`, `product_no`, `url_type`, `url`, `icon`, `ad_type`) VALUES('floor-2-1','floor-2','floor-2-1号位','热门推荐广告2号','123','12','1','http://www.baidu.com','http://sit.image.com/group1/M00/00/E7/rB4KPVlcjN2AJzn-AAES_pXGHlY681.jpg','FLOOR');
INSERT INTO `sys_home_item_ad` (`id`, `area_id`, `name`, `title`, `sub_title`, `product_no`, `url_type`, `url`, `icon`, `ad_type`) VALUES('floor-2-2','floor-2','floor-2-2号位','12','12','12',NULL,'http://www.baidu.com','http://sit.image.com/group1/M00/00/E7/rB4KPFlci2uAPdhWAACaBs9zh2o096.jpg','FLOOR');
INSERT INTO `sys_home_item_ad` (`id`, `area_id`, `name`, `title`, `sub_title`, `product_no`, `url_type`, `url`, `icon`, `ad_type`) VALUES('floor-2-3','floor-2','floor-2-3号位','123','123','123','1','http://www.baidu.com','http://sit.image.com/group1/M00/00/E7/rB4KPVlci32AX1rIAACYin7BMYs317.jpg','FLOOR');
INSERT INTO `sys_home_item_ad` (`id`, `area_id`, `name`, `title`, `sub_title`, `product_no`, `url_type`, `url`, `icon`, `ad_type`) VALUES('floor-2-4','floor-2','floor-2-4号位','123','123','热门推荐广告2号',NULL,'http://www.baidu.com','http://sit.image.com/group1/M00/00/E6/rB4KPllcjOaAVI2pAADswckT74M136.jpg','FLOOR');
INSERT INTO `sys_home_item_ad` (`id`, `area_id`, `name`, `title`, `sub_title`, `product_no`, `url_type`, `url`, `icon`, `ad_type`) VALUES('floor-2-5','floor-2','floor-2-5号位','123','123','123','1','http://www.baidu.com','http://sit.image.com/group1/M00/00/E7/rB4KPFlcjQGAQTnMAAB0m40BSuc455.jpg','FLOOR');
INSERT INTO `sys_home_item_ad` (`id`, `area_id`, `name`, `title`, `sub_title`, `product_no`, `url_type`, `url`, `icon`, `ad_type`) VALUES('floor-2-6','floor-2','floor-2-6号位','123','12','12',NULL,'http://ww.biadu.com','http://sit.image.com/group1/M00/00/E7/rB4KPVlcjQqAHO9dAACRw7TGUiI836.jpg','FLOOR');
INSERT INTO `sys_home_item_ad` (`id`, `area_id`, `name`, `title`, `sub_title`, `product_no`, `url_type`, `url`, `icon`, `ad_type`) VALUES('floor-2-title','floor-2','楼层2-栏目标题','热门推荐广告2号',NULL,NULL,'2','http://www.yatang.com/products/1123213213213',NULL,'COLUMN_TITLE');
INSERT INTO `sys_home_item_ad` (`id`, `area_id`, `name`, `title`, `sub_title`, `product_no`, `url_type`, `url`, `icon`, `ad_type`) VALUES('floor-3-1','floor-3','floor-3-1号位','123','123','123',NULL,'http://www.baidu.com','http://sit.image.com/group1/M00/00/E7/rB4KPVlci0iAbB-FAAD8McUfByQ038.jpg','FLOOR');
INSERT INTO `sys_home_item_ad` (`id`, `area_id`, `name`, `title`, `sub_title`, `product_no`, `url_type`, `url`, `icon`, `ad_type`) VALUES('floor-3-2','floor-3','floor-3-2号位','123','123','123',NULL,'http://www.baidu.com','http://sit.image.com/group1/M00/00/E7/rB4KPVlcjViAVGNaAAB_vqgQq_k195.jpg','FLOOR');
INSERT INTO `sys_home_item_ad` (`id`, `area_id`, `name`, `title`, `sub_title`, `product_no`, `url_type`, `url`, `icon`, `ad_type`) VALUES('floor-3-3','floor-3','floor-3-3号位','12','12','12',NULL,'http://www.baidu.com','http://sit.image.com/group1/M00/00/E7/rB4KPllcjXSAPVTCAACCieICbLo267.jpg','FLOOR');
INSERT INTO `sys_home_item_ad` (`id`, `area_id`, `name`, `title`, `sub_title`, `product_no`, `url_type`, `url`, `icon`, `ad_type`) VALUES('floor-3-4','floor-3','floor-3-4号位','12','12','12',NULL,'http://www.baidu.com','http://sit.image.com/group2/M00/00/1E/rB4KPVlcjU6AdXY8AAD9UgpnnKA617.jpg','FLOOR');
INSERT INTO `sys_home_item_ad` (`id`, `area_id`, `name`, `title`, `sub_title`, `product_no`, `url_type`, `url`, `icon`, `ad_type`) VALUES('floor-3-5','floor-3','floor-3-5号位','123','12','12',NULL,'http://www.baidu.com','http://sit.image.com/group1/M00/00/E6/rB4KPllci9yANNU-AACLQbCY3rU583.jpg','FLOOR');
INSERT INTO `sys_home_item_ad` (`id`, `area_id`, `name`, `title`, `sub_title`, `product_no`, `url_type`, `url`, `icon`, `ad_type`) VALUES('floor-3-6','floor-3','floor-3-6号位','78','78','78',NULL,'http://www.baidu.com','http://sit.image.com/group1/M00/00/FA/rB4KPllpuduAbXeXAACSrTDSDtU183.jpg','FLOOR');
INSERT INTO `sys_home_item_ad` (`id`, `area_id`, `name`, `title`, `sub_title`, `product_no`, `url_type`, `url`, `icon`, `ad_type`) VALUES('floor-3-title','floor-3','楼层3-栏目标题','热门推荐广告1213',NULL,NULL,NULL,'https://ant.design/components/carousel-cn/',NULL,'COLUMN_TITLE');
INSERT INTO `sys_home_item_ad` (`id`, `area_id`, `name`, `title`, `sub_title`, `product_no`, `url_type`, `url`, `icon`, `ad_type`) VALUES('hot-1','hot','热门推荐-1号位','热门推荐广告1号位','热门推荐广告1号位副标题',NULL,NULL,'http://www.yatang.com/products/1','http://sit.image.com/group1/M00/00/F0/rB4KPllldGKAM-qXAAIWI0MYAlA563.jpg','FLOOR');
INSERT INTO `sys_home_item_ad` (`id`, `area_id`, `name`, `title`, `sub_title`, `product_no`, `url_type`, `url`, `icon`, `ad_type`) VALUES('hot-2','hot','热门推荐-2号位','热门推荐广告2号位','热门推荐广告2号位副标题',NULL,NULL,'http://www.yatang.com/products/1','http://sit.image.com/group1/M00/00/FA/rB4KPVlpw8KABg41AADdAPciRJk250.jpg','FLOOR');
INSERT INTO `sys_home_item_ad` (`id`, `area_id`, `name`, `title`, `sub_title`, `product_no`, `url_type`, `url`, `icon`, `ad_type`) VALUES('hot-3','hot','hot-3号位','12','123','123',NULL,'http://www.baidu.com','http://sit.image.com/group1/M00/00/FA/rB4KPllpw8yAE0eSAADc3VWbYg0944.jpg','FLOOR');
INSERT INTO `sys_home_item_ad` (`id`, `area_id`, `name`, `title`, `sub_title`, `product_no`, `url_type`, `url`, `icon`, `ad_type`) VALUES('hot-4','hot','hot-4号位','12','12','12',NULL,'http://www.baidu.com','http://sit.image.com/group1/M00/00/E7/rB4KPFlcinCAXCZOAACg0YEbCI8093.jpg','FLOOR');
INSERT INTO `sys_home_item_ad` (`id`, `area_id`, `name`, `title`, `sub_title`, `product_no`, `url_type`, `url`, `icon`, `ad_type`) VALUES('hot-5','hot','hot-5号位','123','12','12',NULL,'http://www.bai.com','http://sit.image.com/group1/M00/00/E6/rB4KPllcjR6AMoKWAACRFtTTiko176.jpg','FLOOR');
INSERT INTO `sys_home_item_ad` (`id`, `area_id`, `name`, `title`, `sub_title`, `product_no`, `url_type`, `url`, `icon`, `ad_type`) VALUES('hot-6','hot','hot-6号位','123','12','12',NULL,'http://www.baidu.com','http://sit.image.com/group1/M00/00/E6/rB4KPllciqmABYVQAACAE4Mwkyg507.jpg','FLOOR');


INSERT INTO `sys_home_quick_navigation` (`navigation_position`, `navigation_type`, `goods_id`, `navigation_name`, `link_address`, `pic_address`, `create_person`, `update_person`, `gmt_create`, `gmt_update`, `status`) VALUES('1号位','2',NULL,'雅堂小超','https://m.yatang.cn/?utm_source=baidu&utm_medium=cpc&utm_campaign=brandlink&utm_term=title','http://sit.image.com/group1/M00/00/EC/rB4KPFlfd8qAc5OmAAA4gy54Q7o815.jpg','1','2','2017-06-09 10:28:27','2017-08-14 14:53:04','1');
INSERT INTO `sys_home_quick_navigation` (`navigation_position`, `navigation_type`, `goods_id`, `navigation_name`, `link_address`, `pic_address`, `create_person`, `update_person`, `gmt_create`, `gmt_update`, `status`) VALUES('2号位','2',NULL,'零元购','https://m.yatang.cn/?utm_source=baidu&utm_medium=cpc&utm_campaign=brandlink&utm_term=title','http://sit.image.com/group1/M00/00/EC/rB4KPVlfd9aAFAChAAA4VbvYP-8100.jpg','1','1','2017-06-09 10:28:29','2017-08-14 14:53:05','1');
INSERT INTO `sys_home_quick_navigation` (`navigation_position`, `navigation_type`, `goods_id`, `navigation_name`, `link_address`, `pic_address`, `create_person`, `update_person`, `gmt_create`, `gmt_update`, `status`) VALUES('3号位','1','11','雅堂金融','https://m.yatang.cn/?utm_source=baidu&utm_medium=cpc&utm_campaign=brandlink&utm_term=title','http://sit.image.com/group1/M00/01/24/rB4KPlmBMmmANn0XAAAfHalkyn8190.jpg','2','10027','2017-06-09 10:28:33','2017-08-14 14:53:13','1');
INSERT INTO `sys_home_quick_navigation` (`navigation_position`, `navigation_type`, `goods_id`, `navigation_name`, `link_address`, `pic_address`, `create_person`, `update_person`, `gmt_create`, `gmt_update`, `status`) VALUES('4号位','2',NULL,'雅堂汇','https://m.yatang.cn/?utm_source=baidu&utm_medium=cpc&utm_campaign=brandlink&utm_term=title','http://sit.image.com/group1/M00/01/24/rB4KPVmBMn2AMPy8AAA1JMVWGBs125.jpg','2','10027','2017-06-09 10:28:36','2017-08-14 14:53:06','1');
INSERT INTO `sys_home_quick_navigation` (`navigation_position`, `navigation_type`, `goods_id`, `navigation_name`, `link_address`, `pic_address`, `create_person`, `update_person`, `gmt_create`, `gmt_update`, `status`) VALUES('5号位','1','22','雅堂汇','https://m.yatang.cn/?utm_source=baidu&utm_medium=cpc&utm_campaign=brandlink&utm_term=title','http://sit.image.com/group1/M00/01/25/rB4KPFmBMo2AURKWAAA2g_F-ATE219.jpg','1','10027','2017-06-09 10:28:39','2017-08-14 14:53:14','1');
INSERT INTO `sys_home_quick_navigation` (`navigation_position`, `navigation_type`, `goods_id`, `navigation_name`, `link_address`, `pic_address`, `create_person`, `update_person`, `gmt_create`, `gmt_update`, `status`) VALUES('6号位','2',NULL,'零元购','https://m.yatang.cn/?utm_source=baidu&utm_medium=cpc&utm_campaign=brandlink&utm_term=title','http://sit.image.com/group1/M00/00/EB/rB4KPllfdmGAVDUGAAAfHalkyn8122.jpg','2','2','2017-06-28 09:43:18','2017-08-14 14:53:08','1');
INSERT INTO `sys_home_quick_navigation` (`navigation_position`, `navigation_type`, `goods_id`, `navigation_name`, `link_address`, `pic_address`, `create_person`, `update_person`, `gmt_create`, `gmt_update`, `status`) VALUES('7号位','1','33','雅堂金融','https://m.yatang.cn/?utm_source=baidu&utm_medium=cpc&utm_campaign=brandlink&utm_term=title','http://sit.image.com/group1/M00/00/EC/rB4KPFlfdm2AE73nAAAfHalkyn8718.jpg','1','1','2017-06-13 09:44:19','2017-08-14 14:53:16','1');
INSERT INTO `sys_home_quick_navigation` (`navigation_position`, `navigation_type`, `goods_id`, `navigation_name`, `link_address`, `pic_address`, `create_person`, `update_person`, `gmt_create`, `gmt_update`, `status`) VALUES('8号位','1','44','雅堂汇','utm_source=baidu&utm_medium=cpc&utm_campaign=brandlink&utm_term=title','http://sit.image.com/group1/M00/00/EC/rB4KPVlfdm-AduX4AAAfHalkyn8601.jpg','2','2','2017-06-12 09:45:11','2017-08-14 14:53:17','1');
INSERT INTO `sys_home_quick_navigation` (`navigation_position`, `navigation_type`, `goods_id`, `navigation_name`, `link_address`, `pic_address`, `create_person`, `update_person`, `gmt_create`, `gmt_update`, `status`) VALUES('9号位','2',NULL,'雅堂汇','utm_source=baidu&utm_medium=cpc&utm_campaign=brandlink&utm_term=title','http://sit.image.com/group1/M00/00/EB/rB4KPllfd-aAF_RHAAA0DeKKCVk297.jpg','1','1','2017-06-19 09:46:01','2017-08-14 14:53:10','1');
INSERT INTO `sys_home_quick_navigation` (`navigation_position`, `navigation_type`, `goods_id`, `navigation_name`, `link_address`, `pic_address`, `create_person`, `update_person`, `gmt_create`, `gmt_update`, `status`) VALUES('10号位','1','55','零元购','utm_source=baidu&utm_medium=cpc&utm_campaign=brandlink&utm_term=title','http://sit.image.com/group1/M00/00/EC/rB4KPFlfdoSAbUSQAAAfHalkyn8121.jpg','2','2','2017-06-23 09:46:38','2017-08-14 14:53:20','1');
