ALTER TABLE sp_basic_info AUTO_INCREMENT=1;
INSERT INTO sp_basic_info (company_name, sp_no, grade, settled_time, modify_id, STATUS) VALUES('成都海王星商贸有限公司','100000','2','2017-8-15',NULL,'0');
INSERT INTO sp_basic_info (company_name, sp_no, grade, settled_time, modify_id, STATUS) VALUES('成都蒙利天和商贸有限公司','100001','2','2017-8-15',NULL,'0');
INSERT INTO sp_basic_info (company_name, sp_no, grade, settled_time, modify_id, STATUS) VALUES('成都诚心诚意商贸有限公司','100002','2','2017-8-15',NULL,'0');
INSERT INTO sp_basic_info (company_name, sp_no, grade, settled_time, modify_id, STATUS) VALUES('成都择好商贸有限公司','100003','2','2017-8-15',NULL,'0');
INSERT INTO sp_basic_info (company_name, sp_no, grade, settled_time, modify_id, STATUS) VALUES('四川康昊食品贸易有限公司','100004','2','2017-8-15',NULL,'0');
INSERT INTO sp_basic_info (company_name, sp_no, grade, settled_time, modify_id, STATUS) VALUES('成都景中商贸有限公司','100005','2','2017-8-15',NULL,'0');
INSERT INTO sp_basic_info (company_name, sp_no, grade, settled_time, modify_id, STATUS) VALUES('日加满饮品（上海）有限公司','100006','1','2017-8-15',NULL,'0');
INSERT INTO sp_basic_info (company_name, sp_no, grade, settled_time, modify_id, STATUS) VALUES('四川福仁缘农业开发有限公司','100007','1','2017-8-15',NULL,'0');
INSERT INTO sp_basic_info (company_name, sp_no, grade, settled_time, modify_id, STATUS) VALUES('四川白家食品产业有限公司','100008','2','2017-8-20',NULL,'0');
INSERT INTO sp_basic_info (company_name, sp_no, grade, settled_time, modify_id, STATUS) VALUES('成都乐镒商贸有限公司','100009','3','2017-8-20',NULL,'0');
INSERT INTO sp_basic_info (company_name, sp_no, grade, settled_time, modify_id, STATUS) VALUES('双流桂华鑫商贸有限公司','100010','3','2017-8-20',NULL,'0');
INSERT INTO sp_basic_info (company_name, sp_no, grade, settled_time, modify_id, STATUS) VALUES('成都市凌宇食品有限公司','100011','3','2017-8-20',NULL,'0');
INSERT INTO sp_basic_info (company_name, sp_no, grade, settled_time, modify_id, STATUS) VALUES('成都张飞调味品有限公司','100012','2','2017-8-20',NULL,'0');
INSERT INTO sp_basic_info (company_name, sp_no, grade, settled_time, modify_id, STATUS) VALUES('成都辰龙商贸有限公司','100013','3','2017-8-20',NULL,'0');
INSERT INTO sp_basic_info (company_name, sp_no, grade, settled_time, modify_id, STATUS) VALUES('四川省天渠盐化有限公司广东分公司','100014','2','2017-8-20',NULL,'0');
INSERT INTO sp_basic_info (company_name, sp_no, grade, settled_time, modify_id, STATUS) VALUES('宜宾丰源盐业有限公司','100015','2','2017-8-20',NULL,'0');
INSERT INTO sp_basic_info (company_name, sp_no, grade, settled_time, modify_id, STATUS) VALUES('四川瑛祥商贸有限公司','100016','2','2017-8-20',NULL,'0');
INSERT INTO sp_basic_info (company_name, sp_no, grade, settled_time, modify_id, STATUS) VALUES('成都清润贸易发展有限公司','100017','2','2017-8-20',NULL,'0');
INSERT INTO sp_basic_info (company_name, sp_no, grade, settled_time, modify_id, STATUS) VALUES('成都宸晨丰汇商贸有限公司 ','100018','2','2017-8-20',NULL,'0');
INSERT INTO sp_basic_info (company_name, sp_no, grade, settled_time, modify_id, STATUS) VALUES('桂林智强食品开发有限公司 ','100019','2','2017-8-20',NULL,'0');
INSERT INTO sp_basic_info (company_name, sp_no, grade, settled_time, modify_id, STATUS) VALUES('成都市富亿通贸易有限公司','100020','3','2017-8-20',NULL,'0');
INSERT INTO sp_basic_info (company_name, sp_no, grade, settled_time, modify_id, STATUS) VALUES('四川鑫恒创贸易有限公司','100021','2','2017-8-20',NULL,'0');
INSERT INTO sp_basic_info (company_name, sp_no, grade, settled_time, modify_id, STATUS) VALUES('成都长发商贸有限责任公司','100022','2','2017-8-20',NULL,'0');
INSERT INTO sp_basic_info (company_name, sp_no, grade, settled_time, modify_id, STATUS) VALUES('成都天旺商贸有限公司','100023','2','2017-8-20',NULL,'0');
INSERT INTO sp_basic_info (company_name, sp_no, grade, settled_time, modify_id, STATUS) VALUES('成都市永联兴贸易有限公司','100024','2','2017-8-20',NULL,'0');
INSERT INTO sp_basic_info (company_name, sp_no, grade, settled_time, modify_id, STATUS) VALUES('成都富佑嘉商贸有限公司','100025','2','2017-8-20',NULL,'0');
INSERT INTO sp_basic_info (company_name, sp_no, grade, settled_time, modify_id, STATUS) VALUES('成都凯斯原商贸有限公司','100026','2','2017-8-20',NULL,'0');
INSERT INTO sp_basic_info (company_name, sp_no, grade, settled_time, modify_id, STATUS) VALUES('成都铭昊商贸有限公司','100027','2','2017-8-20',NULL,'0');
INSERT INTO sp_basic_info (company_name, sp_no, grade, settled_time, modify_id, STATUS) VALUES('成都你好植物科技有限公司','100028','1','2017-8-20',NULL,'0');
INSERT INTO sp_basic_info (company_name, sp_no, grade, settled_time, modify_id, STATUS) VALUES('成都兆廷商贸有限公司','100029','3','2017-8-20',NULL,'0');
INSERT INTO sp_basic_info (company_name, sp_no, grade, settled_time, modify_id, STATUS) VALUES('成都蜀特商贸有限公司','100030','3','2017-8-20',NULL,'0');
INSERT INTO sp_basic_info (company_name, sp_no, grade, settled_time, modify_id, STATUS) VALUES('成都宏旺达贸易有限公司','100031','2','2017-8-20',NULL,'0');
INSERT INTO sp_basic_info (company_name, sp_no, grade, settled_time, modify_id, STATUS) VALUES('成都友程贸易有限公司','100032','2','2017-8-20',NULL,'0');
INSERT INTO sp_basic_info (company_name, sp_no, grade, settled_time, modify_id, STATUS) VALUES('成都集佰汇科技有限公司','100033','3','2017-8-20',NULL,'0');
INSERT INTO sp_basic_info (company_name, sp_no, grade, settled_time, modify_id, STATUS) VALUES('成都彼岸商贸有限公司','100034','2','2017-8-20',NULL,'0');
INSERT INTO sp_basic_info (company_name, sp_no, grade, settled_time, modify_id, STATUS) VALUES('成都瑞琪达商贸有限公司','100035','3','2017-8-20',NULL,'0');
INSERT INTO sp_basic_info (company_name, sp_no, grade, settled_time, modify_id, STATUS) VALUES('四川沃美进出口贸易有限公司','100036','2','2017-8-20',NULL,'0');
INSERT INTO sp_basic_info (company_name, sp_no, grade, settled_time, modify_id, STATUS) VALUES('成都小超邦科技有限公司','100037','2','2017-8-20',NULL,'0');
INSERT INTO sp_basic_info (company_name, sp_no, grade, settled_time, modify_id, STATUS) VALUES('成都金福洋贸易有限公司','100038','2','2017-8-20',NULL,'0');
INSERT INTO sp_basic_info (company_name, sp_no, grade, settled_time, modify_id, STATUS) VALUES('成都百分百佳商贸有限公司 ','100039','1','2017-8-20',NULL,'0');
INSERT INTO sp_basic_info (company_name, sp_no, grade, settled_time, modify_id, STATUS) VALUES('成都友程贸易有限公司','100040','1','2017-8-20',NULL,'0');
INSERT INTO sp_basic_info (company_name, sp_no, grade, settled_time, modify_id, STATUS) VALUES('成都市鑫鑫越洋商贸有限公司','100041','1','2017-8-20',NULL,'0');

ALTER TABLE sp_sale_region AUTO_INCREMENT=1;
insert into sp_sale_region (json) values('[{\"code\":\"50\",\"regionName\":\"西南地区\",\"regions\":[{\"code\":\"500000\",\"regionName\":\"重庆\",\"regions\":[{\"code\":\"500100\",\"regionName\":\"重庆\"},{\"code\":\"500200\",\"regionName\":\"重庆郊县\"}]},{\"code\":\"510000\",\"regionName\":\"四川\",\"regions\":[{\"code\":\"510100\",\"regionName\":\"成都\"},{\"code\":\"510300\",\"regionName\":\"自贡\"},{\"code\":\"510400\",\"regionName\":\"攀枝花\"},{\"code\":\"510500\",\"regionName\":\"泸州\"},{\"code\":\"510600\",\"regionName\":\"德阳\"},{\"code\":\"510700\",\"regionName\":\"绵阳\"},{\"code\":\"510800\",\"regionName\":\"广元\"},{\"code\":\"510900\",\"regionName\":\"遂宁\"},{\"code\":\"511000\",\"regionName\":\"内江\"},{\"code\":\"511100\",\"regionName\":\"乐山\"},{\"code\":\"511300\",\"regionName\":\"南充\"},{\"code\":\"511400\",\"regionName\":\"眉山\"},{\"code\":\"511500\",\"regionName\":\"宜宾\"},{\"code\":\"511600\",\"regionName\":\"广安\"},{\"code\":\"511700\",\"regionName\":\"达州\"},{\"code\":\"511800\",\"regionName\":\"雅安\"},{\"code\":\"511900\",\"regionName\":\"巴中\"},{\"code\":\"512000\",\"regionName\":\"资阳\"},{\"code\":\"513200\",\"regionName\":\"阿坝藏族羌族自治州\"},{\"code\":\"513300\",\"regionName\":\"甘孜藏族自治州\"},{\"code\":\"513400\",\"regionName\":\"凉山彝族自治州\"}]}]}]');
insert into sp_sale_region (json) values('[{\"code\":\"50\",\"regionName\":\"西南地区\",\"regions\":[{\"code\":\"500000\",\"regionName\":\"重庆\",\"regions\":[{\"code\":\"500100\",\"regionName\":\"重庆\"},{\"code\":\"500200\",\"regionName\":\"重庆郊县\"}]},{\"code\":\"510000\",\"regionName\":\"四川\",\"regions\":[{\"code\":\"510100\",\"regionName\":\"成都\"},{\"code\":\"510300\",\"regionName\":\"自贡\"},{\"code\":\"510400\",\"regionName\":\"攀枝花\"},{\"code\":\"510500\",\"regionName\":\"泸州\"},{\"code\":\"510600\",\"regionName\":\"德阳\"},{\"code\":\"510700\",\"regionName\":\"绵阳\"},{\"code\":\"510800\",\"regionName\":\"广元\"},{\"code\":\"510900\",\"regionName\":\"遂宁\"},{\"code\":\"511000\",\"regionName\":\"内江\"},{\"code\":\"511100\",\"regionName\":\"乐山\"},{\"code\":\"511300\",\"regionName\":\"南充\"},{\"code\":\"511400\",\"regionName\":\"眉山\"},{\"code\":\"511500\",\"regionName\":\"宜宾\"},{\"code\":\"511600\",\"regionName\":\"广安\"},{\"code\":\"511700\",\"regionName\":\"达州\"},{\"code\":\"511800\",\"regionName\":\"雅安\"},{\"code\":\"511900\",\"regionName\":\"巴中\"},{\"code\":\"512000\",\"regionName\":\"资阳\"},{\"code\":\"513200\",\"regionName\":\"阿坝藏族羌族自治州\"},{\"code\":\"513300\",\"regionName\":\"甘孜藏族自治州\"},{\"code\":\"513400\",\"regionName\":\"凉山彝族自治州\"}]}]}]');
insert into sp_sale_region (json) values('[{\"code\":\"50\",\"regionName\":\"西南地区\",\"regions\":[{\"code\":\"500000\",\"regionName\":\"重庆\",\"regions\":[{\"code\":\"500100\",\"regionName\":\"重庆\"},{\"code\":\"500200\",\"regionName\":\"重庆郊县\"}]},{\"code\":\"510000\",\"regionName\":\"四川\",\"regions\":[{\"code\":\"510100\",\"regionName\":\"成都\"},{\"code\":\"510300\",\"regionName\":\"自贡\"},{\"code\":\"510400\",\"regionName\":\"攀枝花\"},{\"code\":\"510500\",\"regionName\":\"泸州\"},{\"code\":\"510600\",\"regionName\":\"德阳\"},{\"code\":\"510700\",\"regionName\":\"绵阳\"},{\"code\":\"510800\",\"regionName\":\"广元\"},{\"code\":\"510900\",\"regionName\":\"遂宁\"},{\"code\":\"511000\",\"regionName\":\"内江\"},{\"code\":\"511100\",\"regionName\":\"乐山\"},{\"code\":\"511300\",\"regionName\":\"南充\"},{\"code\":\"511400\",\"regionName\":\"眉山\"},{\"code\":\"511500\",\"regionName\":\"宜宾\"},{\"code\":\"511600\",\"regionName\":\"广安\"},{\"code\":\"511700\",\"regionName\":\"达州\"},{\"code\":\"511800\",\"regionName\":\"雅安\"},{\"code\":\"511900\",\"regionName\":\"巴中\"},{\"code\":\"512000\",\"regionName\":\"资阳\"},{\"code\":\"513200\",\"regionName\":\"阿坝藏族羌族自治州\"},{\"code\":\"513300\",\"regionName\":\"甘孜藏族自治州\"},{\"code\":\"513400\",\"regionName\":\"凉山彝族自治州\"}]}]}]');
insert into sp_sale_region (json) values('[{\"code\":\"50\",\"regionName\":\"西南地区\",\"regions\":[{\"code\":\"500000\",\"regionName\":\"重庆\",\"regions\":[{\"code\":\"500100\",\"regionName\":\"重庆\"},{\"code\":\"500200\",\"regionName\":\"重庆郊县\"}]},{\"code\":\"510000\",\"regionName\":\"四川\",\"regions\":[{\"code\":\"510100\",\"regionName\":\"成都\"},{\"code\":\"510300\",\"regionName\":\"自贡\"},{\"code\":\"510400\",\"regionName\":\"攀枝花\"},{\"code\":\"510500\",\"regionName\":\"泸州\"},{\"code\":\"510600\",\"regionName\":\"德阳\"},{\"code\":\"510700\",\"regionName\":\"绵阳\"},{\"code\":\"510800\",\"regionName\":\"广元\"},{\"code\":\"510900\",\"regionName\":\"遂宁\"},{\"code\":\"511000\",\"regionName\":\"内江\"},{\"code\":\"511100\",\"regionName\":\"乐山\"},{\"code\":\"511300\",\"regionName\":\"南充\"},{\"code\":\"511400\",\"regionName\":\"眉山\"},{\"code\":\"511500\",\"regionName\":\"宜宾\"},{\"code\":\"511600\",\"regionName\":\"广安\"},{\"code\":\"511700\",\"regionName\":\"达州\"},{\"code\":\"511800\",\"regionName\":\"雅安\"},{\"code\":\"511900\",\"regionName\":\"巴中\"},{\"code\":\"512000\",\"regionName\":\"资阳\"},{\"code\":\"513200\",\"regionName\":\"阿坝藏族羌族自治州\"},{\"code\":\"513300\",\"regionName\":\"甘孜藏族自治州\"},{\"code\":\"513400\",\"regionName\":\"凉山彝族自治州\"}]}]}]');
insert into sp_sale_region (json) values('[{\"code\":\"50\",\"regionName\":\"西南地区\",\"regions\":[{\"code\":\"500000\",\"regionName\":\"重庆\",\"regions\":[{\"code\":\"500100\",\"regionName\":\"重庆\"},{\"code\":\"500200\",\"regionName\":\"重庆郊县\"}]},{\"code\":\"510000\",\"regionName\":\"四川\",\"regions\":[{\"code\":\"510100\",\"regionName\":\"成都\"},{\"code\":\"510300\",\"regionName\":\"自贡\"},{\"code\":\"510400\",\"regionName\":\"攀枝花\"},{\"code\":\"510500\",\"regionName\":\"泸州\"},{\"code\":\"510600\",\"regionName\":\"德阳\"},{\"code\":\"510700\",\"regionName\":\"绵阳\"},{\"code\":\"510800\",\"regionName\":\"广元\"},{\"code\":\"510900\",\"regionName\":\"遂宁\"},{\"code\":\"511000\",\"regionName\":\"内江\"},{\"code\":\"511100\",\"regionName\":\"乐山\"},{\"code\":\"511300\",\"regionName\":\"南充\"},{\"code\":\"511400\",\"regionName\":\"眉山\"},{\"code\":\"511500\",\"regionName\":\"宜宾\"},{\"code\":\"511600\",\"regionName\":\"广安\"},{\"code\":\"511700\",\"regionName\":\"达州\"},{\"code\":\"511800\",\"regionName\":\"雅安\"},{\"code\":\"511900\",\"regionName\":\"巴中\"},{\"code\":\"512000\",\"regionName\":\"资阳\"},{\"code\":\"513200\",\"regionName\":\"阿坝藏族羌族自治州\"},{\"code\":\"513300\",\"regionName\":\"甘孜藏族自治州\"},{\"code\":\"513400\",\"regionName\":\"凉山彝族自治州\"}]}]}]');
insert into sp_sale_region (json) values('[{\"code\":\"50\",\"regionName\":\"西南地区\",\"regions\":[{\"code\":\"500000\",\"regionName\":\"重庆\",\"regions\":[{\"code\":\"500100\",\"regionName\":\"重庆\"},{\"code\":\"500200\",\"regionName\":\"重庆郊县\"}]},{\"code\":\"510000\",\"regionName\":\"四川\",\"regions\":[{\"code\":\"510100\",\"regionName\":\"成都\"},{\"code\":\"510300\",\"regionName\":\"自贡\"},{\"code\":\"510400\",\"regionName\":\"攀枝花\"},{\"code\":\"510500\",\"regionName\":\"泸州\"},{\"code\":\"510600\",\"regionName\":\"德阳\"},{\"code\":\"510700\",\"regionName\":\"绵阳\"},{\"code\":\"510800\",\"regionName\":\"广元\"},{\"code\":\"510900\",\"regionName\":\"遂宁\"},{\"code\":\"511000\",\"regionName\":\"内江\"},{\"code\":\"511100\",\"regionName\":\"乐山\"},{\"code\":\"511300\",\"regionName\":\"南充\"},{\"code\":\"511400\",\"regionName\":\"眉山\"},{\"code\":\"511500\",\"regionName\":\"宜宾\"},{\"code\":\"511600\",\"regionName\":\"广安\"},{\"code\":\"511700\",\"regionName\":\"达州\"},{\"code\":\"511800\",\"regionName\":\"雅安\"},{\"code\":\"511900\",\"regionName\":\"巴中\"},{\"code\":\"512000\",\"regionName\":\"资阳\"},{\"code\":\"513200\",\"regionName\":\"阿坝藏族羌族自治州\"},{\"code\":\"513300\",\"regionName\":\"甘孜藏族自治州\"},{\"code\":\"513400\",\"regionName\":\"凉山彝族自治州\"}]}]}]');
insert into sp_sale_region (json) values('[{\"code\":\"50\",\"regionName\":\"西南地区\",\"regions\":[{\"code\":\"500000\",\"regionName\":\"重庆\",\"regions\":[{\"code\":\"500100\",\"regionName\":\"重庆\"},{\"code\":\"500200\",\"regionName\":\"重庆郊县\"}]},{\"code\":\"510000\",\"regionName\":\"四川\",\"regions\":[{\"code\":\"510100\",\"regionName\":\"成都\"},{\"code\":\"510300\",\"regionName\":\"自贡\"},{\"code\":\"510400\",\"regionName\":\"攀枝花\"},{\"code\":\"510500\",\"regionName\":\"泸州\"},{\"code\":\"510600\",\"regionName\":\"德阳\"},{\"code\":\"510700\",\"regionName\":\"绵阳\"},{\"code\":\"510800\",\"regionName\":\"广元\"},{\"code\":\"510900\",\"regionName\":\"遂宁\"},{\"code\":\"511000\",\"regionName\":\"内江\"},{\"code\":\"511100\",\"regionName\":\"乐山\"},{\"code\":\"511300\",\"regionName\":\"南充\"},{\"code\":\"511400\",\"regionName\":\"眉山\"},{\"code\":\"511500\",\"regionName\":\"宜宾\"},{\"code\":\"511600\",\"regionName\":\"广安\"},{\"code\":\"511700\",\"regionName\":\"达州\"},{\"code\":\"511800\",\"regionName\":\"雅安\"},{\"code\":\"511900\",\"regionName\":\"巴中\"},{\"code\":\"512000\",\"regionName\":\"资阳\"},{\"code\":\"513200\",\"regionName\":\"阿坝藏族羌族自治州\"},{\"code\":\"513300\",\"regionName\":\"甘孜藏族自治州\"},{\"code\":\"513400\",\"regionName\":\"凉山彝族自治州\"}]}]}]');
insert into sp_sale_region (json) values('[{\"code\":\"50\",\"regionName\":\"西南地区\",\"regions\":[{\"code\":\"500000\",\"regionName\":\"重庆\",\"regions\":[{\"code\":\"500100\",\"regionName\":\"重庆\"},{\"code\":\"500200\",\"regionName\":\"重庆郊县\"}]},{\"code\":\"510000\",\"regionName\":\"四川\",\"regions\":[{\"code\":\"510100\",\"regionName\":\"成都\"},{\"code\":\"510300\",\"regionName\":\"自贡\"},{\"code\":\"510400\",\"regionName\":\"攀枝花\"},{\"code\":\"510500\",\"regionName\":\"泸州\"},{\"code\":\"510600\",\"regionName\":\"德阳\"},{\"code\":\"510700\",\"regionName\":\"绵阳\"},{\"code\":\"510800\",\"regionName\":\"广元\"},{\"code\":\"510900\",\"regionName\":\"遂宁\"},{\"code\":\"511000\",\"regionName\":\"内江\"},{\"code\":\"511100\",\"regionName\":\"乐山\"},{\"code\":\"511300\",\"regionName\":\"南充\"},{\"code\":\"511400\",\"regionName\":\"眉山\"},{\"code\":\"511500\",\"regionName\":\"宜宾\"},{\"code\":\"511600\",\"regionName\":\"广安\"},{\"code\":\"511700\",\"regionName\":\"达州\"},{\"code\":\"511800\",\"regionName\":\"雅安\"},{\"code\":\"511900\",\"regionName\":\"巴中\"},{\"code\":\"512000\",\"regionName\":\"资阳\"},{\"code\":\"513200\",\"regionName\":\"阿坝藏族羌族自治州\"},{\"code\":\"513300\",\"regionName\":\"甘孜藏族自治州\"},{\"code\":\"513400\",\"regionName\":\"凉山彝族自治州\"}]}]}]');
insert into sp_sale_region (json) values('[{\"code\":\"50\",\"regionName\":\"西南地区\",\"regions\":[{\"code\":\"500000\",\"regionName\":\"重庆\",\"regions\":[{\"code\":\"500100\",\"regionName\":\"重庆\"},{\"code\":\"500200\",\"regionName\":\"重庆郊县\"}]},{\"code\":\"510000\",\"regionName\":\"四川\",\"regions\":[{\"code\":\"510100\",\"regionName\":\"成都\"},{\"code\":\"510300\",\"regionName\":\"自贡\"},{\"code\":\"510400\",\"regionName\":\"攀枝花\"},{\"code\":\"510500\",\"regionName\":\"泸州\"},{\"code\":\"510600\",\"regionName\":\"德阳\"},{\"code\":\"510700\",\"regionName\":\"绵阳\"},{\"code\":\"510800\",\"regionName\":\"广元\"},{\"code\":\"510900\",\"regionName\":\"遂宁\"},{\"code\":\"511000\",\"regionName\":\"内江\"},{\"code\":\"511100\",\"regionName\":\"乐山\"},{\"code\":\"511300\",\"regionName\":\"南充\"},{\"code\":\"511400\",\"regionName\":\"眉山\"},{\"code\":\"511500\",\"regionName\":\"宜宾\"},{\"code\":\"511600\",\"regionName\":\"广安\"},{\"code\":\"511700\",\"regionName\":\"达州\"},{\"code\":\"511800\",\"regionName\":\"雅安\"},{\"code\":\"511900\",\"regionName\":\"巴中\"},{\"code\":\"512000\",\"regionName\":\"资阳\"},{\"code\":\"513200\",\"regionName\":\"阿坝藏族羌族自治州\"},{\"code\":\"513300\",\"regionName\":\"甘孜藏族自治州\"},{\"code\":\"513400\",\"regionName\":\"凉山彝族自治州\"}]}]}]');
insert into sp_sale_region (json) values('[{\"code\":\"50\",\"regionName\":\"西南地区\",\"regions\":[{\"code\":\"500000\",\"regionName\":\"重庆\",\"regions\":[{\"code\":\"500100\",\"regionName\":\"重庆\"},{\"code\":\"500200\",\"regionName\":\"重庆郊县\"}]},{\"code\":\"510000\",\"regionName\":\"四川\",\"regions\":[{\"code\":\"510100\",\"regionName\":\"成都\"},{\"code\":\"510300\",\"regionName\":\"自贡\"},{\"code\":\"510400\",\"regionName\":\"攀枝花\"},{\"code\":\"510500\",\"regionName\":\"泸州\"},{\"code\":\"510600\",\"regionName\":\"德阳\"},{\"code\":\"510700\",\"regionName\":\"绵阳\"},{\"code\":\"510800\",\"regionName\":\"广元\"},{\"code\":\"510900\",\"regionName\":\"遂宁\"},{\"code\":\"511000\",\"regionName\":\"内江\"},{\"code\":\"511100\",\"regionName\":\"乐山\"},{\"code\":\"511300\",\"regionName\":\"南充\"},{\"code\":\"511400\",\"regionName\":\"眉山\"},{\"code\":\"511500\",\"regionName\":\"宜宾\"},{\"code\":\"511600\",\"regionName\":\"广安\"},{\"code\":\"511700\",\"regionName\":\"达州\"},{\"code\":\"511800\",\"regionName\":\"雅安\"},{\"code\":\"511900\",\"regionName\":\"巴中\"},{\"code\":\"512000\",\"regionName\":\"资阳\"},{\"code\":\"513200\",\"regionName\":\"阿坝藏族羌族自治州\"},{\"code\":\"513300\",\"regionName\":\"甘孜藏族自治州\"},{\"code\":\"513400\",\"regionName\":\"凉山彝族自治州\"}]}]}]');
insert into sp_sale_region (json) values('[{\"code\":\"50\",\"regionName\":\"西南地区\",\"regions\":[{\"code\":\"500000\",\"regionName\":\"重庆\",\"regions\":[{\"code\":\"500100\",\"regionName\":\"重庆\"},{\"code\":\"500200\",\"regionName\":\"重庆郊县\"}]},{\"code\":\"510000\",\"regionName\":\"四川\",\"regions\":[{\"code\":\"510100\",\"regionName\":\"成都\"},{\"code\":\"510300\",\"regionName\":\"自贡\"},{\"code\":\"510400\",\"regionName\":\"攀枝花\"},{\"code\":\"510500\",\"regionName\":\"泸州\"},{\"code\":\"510600\",\"regionName\":\"德阳\"},{\"code\":\"510700\",\"regionName\":\"绵阳\"},{\"code\":\"510800\",\"regionName\":\"广元\"},{\"code\":\"510900\",\"regionName\":\"遂宁\"},{\"code\":\"511000\",\"regionName\":\"内江\"},{\"code\":\"511100\",\"regionName\":\"乐山\"},{\"code\":\"511300\",\"regionName\":\"南充\"},{\"code\":\"511400\",\"regionName\":\"眉山\"},{\"code\":\"511500\",\"regionName\":\"宜宾\"},{\"code\":\"511600\",\"regionName\":\"广安\"},{\"code\":\"511700\",\"regionName\":\"达州\"},{\"code\":\"511800\",\"regionName\":\"雅安\"},{\"code\":\"511900\",\"regionName\":\"巴中\"},{\"code\":\"512000\",\"regionName\":\"资阳\"},{\"code\":\"513200\",\"regionName\":\"阿坝藏族羌族自治州\"},{\"code\":\"513300\",\"regionName\":\"甘孜藏族自治州\"},{\"code\":\"513400\",\"regionName\":\"凉山彝族自治州\"}]}]}]');
insert into sp_sale_region (json) values('[{\"code\":\"50\",\"regionName\":\"西南地区\",\"regions\":[{\"code\":\"500000\",\"regionName\":\"重庆\",\"regions\":[{\"code\":\"500100\",\"regionName\":\"重庆\"},{\"code\":\"500200\",\"regionName\":\"重庆郊县\"}]},{\"code\":\"510000\",\"regionName\":\"四川\",\"regions\":[{\"code\":\"510100\",\"regionName\":\"成都\"},{\"code\":\"510300\",\"regionName\":\"自贡\"},{\"code\":\"510400\",\"regionName\":\"攀枝花\"},{\"code\":\"510500\",\"regionName\":\"泸州\"},{\"code\":\"510600\",\"regionName\":\"德阳\"},{\"code\":\"510700\",\"regionName\":\"绵阳\"},{\"code\":\"510800\",\"regionName\":\"广元\"},{\"code\":\"510900\",\"regionName\":\"遂宁\"},{\"code\":\"511000\",\"regionName\":\"内江\"},{\"code\":\"511100\",\"regionName\":\"乐山\"},{\"code\":\"511300\",\"regionName\":\"南充\"},{\"code\":\"511400\",\"regionName\":\"眉山\"},{\"code\":\"511500\",\"regionName\":\"宜宾\"},{\"code\":\"511600\",\"regionName\":\"广安\"},{\"code\":\"511700\",\"regionName\":\"达州\"},{\"code\":\"511800\",\"regionName\":\"雅安\"},{\"code\":\"511900\",\"regionName\":\"巴中\"},{\"code\":\"512000\",\"regionName\":\"资阳\"},{\"code\":\"513200\",\"regionName\":\"阿坝藏族羌族自治州\"},{\"code\":\"513300\",\"regionName\":\"甘孜藏族自治州\"},{\"code\":\"513400\",\"regionName\":\"凉山彝族自治州\"}]}]}]');
insert into sp_sale_region (json) values('[{\"code\":\"50\",\"regionName\":\"西南地区\",\"regions\":[{\"code\":\"500000\",\"regionName\":\"重庆\",\"regions\":[{\"code\":\"500100\",\"regionName\":\"重庆\"},{\"code\":\"500200\",\"regionName\":\"重庆郊县\"}]},{\"code\":\"510000\",\"regionName\":\"四川\",\"regions\":[{\"code\":\"510100\",\"regionName\":\"成都\"},{\"code\":\"510300\",\"regionName\":\"自贡\"},{\"code\":\"510400\",\"regionName\":\"攀枝花\"},{\"code\":\"510500\",\"regionName\":\"泸州\"},{\"code\":\"510600\",\"regionName\":\"德阳\"},{\"code\":\"510700\",\"regionName\":\"绵阳\"},{\"code\":\"510800\",\"regionName\":\"广元\"},{\"code\":\"510900\",\"regionName\":\"遂宁\"},{\"code\":\"511000\",\"regionName\":\"内江\"},{\"code\":\"511100\",\"regionName\":\"乐山\"},{\"code\":\"511300\",\"regionName\":\"南充\"},{\"code\":\"511400\",\"regionName\":\"眉山\"},{\"code\":\"511500\",\"regionName\":\"宜宾\"},{\"code\":\"511600\",\"regionName\":\"广安\"},{\"code\":\"511700\",\"regionName\":\"达州\"},{\"code\":\"511800\",\"regionName\":\"雅安\"},{\"code\":\"511900\",\"regionName\":\"巴中\"},{\"code\":\"512000\",\"regionName\":\"资阳\"},{\"code\":\"513200\",\"regionName\":\"阿坝藏族羌族自治州\"},{\"code\":\"513300\",\"regionName\":\"甘孜藏族自治州\"},{\"code\":\"513400\",\"regionName\":\"凉山彝族自治州\"}]}]}]');
insert into sp_sale_region (json) values('[{\"code\":\"50\",\"regionName\":\"西南地区\",\"regions\":[{\"code\":\"500000\",\"regionName\":\"重庆\",\"regions\":[{\"code\":\"500100\",\"regionName\":\"重庆\"},{\"code\":\"500200\",\"regionName\":\"重庆郊县\"}]},{\"code\":\"510000\",\"regionName\":\"四川\",\"regions\":[{\"code\":\"510100\",\"regionName\":\"成都\"},{\"code\":\"510300\",\"regionName\":\"自贡\"},{\"code\":\"510400\",\"regionName\":\"攀枝花\"},{\"code\":\"510500\",\"regionName\":\"泸州\"},{\"code\":\"510600\",\"regionName\":\"德阳\"},{\"code\":\"510700\",\"regionName\":\"绵阳\"},{\"code\":\"510800\",\"regionName\":\"广元\"},{\"code\":\"510900\",\"regionName\":\"遂宁\"},{\"code\":\"511000\",\"regionName\":\"内江\"},{\"code\":\"511100\",\"regionName\":\"乐山\"},{\"code\":\"511300\",\"regionName\":\"南充\"},{\"code\":\"511400\",\"regionName\":\"眉山\"},{\"code\":\"511500\",\"regionName\":\"宜宾\"},{\"code\":\"511600\",\"regionName\":\"广安\"},{\"code\":\"511700\",\"regionName\":\"达州\"},{\"code\":\"511800\",\"regionName\":\"雅安\"},{\"code\":\"511900\",\"regionName\":\"巴中\"},{\"code\":\"512000\",\"regionName\":\"资阳\"},{\"code\":\"513200\",\"regionName\":\"阿坝藏族羌族自治州\"},{\"code\":\"513300\",\"regionName\":\"甘孜藏族自治州\"},{\"code\":\"513400\",\"regionName\":\"凉山彝族自治州\"}]}]}]');
insert into sp_sale_region (json) values('[{\"code\":\"50\",\"regionName\":\"西南地区\",\"regions\":[{\"code\":\"500000\",\"regionName\":\"重庆\",\"regions\":[{\"code\":\"500100\",\"regionName\":\"重庆\"},{\"code\":\"500200\",\"regionName\":\"重庆郊县\"}]},{\"code\":\"510000\",\"regionName\":\"四川\",\"regions\":[{\"code\":\"510100\",\"regionName\":\"成都\"},{\"code\":\"510300\",\"regionName\":\"自贡\"},{\"code\":\"510400\",\"regionName\":\"攀枝花\"},{\"code\":\"510500\",\"regionName\":\"泸州\"},{\"code\":\"510600\",\"regionName\":\"德阳\"},{\"code\":\"510700\",\"regionName\":\"绵阳\"},{\"code\":\"510800\",\"regionName\":\"广元\"},{\"code\":\"510900\",\"regionName\":\"遂宁\"},{\"code\":\"511000\",\"regionName\":\"内江\"},{\"code\":\"511100\",\"regionName\":\"乐山\"},{\"code\":\"511300\",\"regionName\":\"南充\"},{\"code\":\"511400\",\"regionName\":\"眉山\"},{\"code\":\"511500\",\"regionName\":\"宜宾\"},{\"code\":\"511600\",\"regionName\":\"广安\"},{\"code\":\"511700\",\"regionName\":\"达州\"},{\"code\":\"511800\",\"regionName\":\"雅安\"},{\"code\":\"511900\",\"regionName\":\"巴中\"},{\"code\":\"512000\",\"regionName\":\"资阳\"},{\"code\":\"513200\",\"regionName\":\"阿坝藏族羌族自治州\"},{\"code\":\"513300\",\"regionName\":\"甘孜藏族自治州\"},{\"code\":\"513400\",\"regionName\":\"凉山彝族自治州\"}]}]}]');
insert into sp_sale_region (json) values('[{\"code\":\"50\",\"regionName\":\"西南地区\",\"regions\":[{\"code\":\"500000\",\"regionName\":\"重庆\",\"regions\":[{\"code\":\"500100\",\"regionName\":\"重庆\"},{\"code\":\"500200\",\"regionName\":\"重庆郊县\"}]},{\"code\":\"510000\",\"regionName\":\"四川\",\"regions\":[{\"code\":\"510100\",\"regionName\":\"成都\"},{\"code\":\"510300\",\"regionName\":\"自贡\"},{\"code\":\"510400\",\"regionName\":\"攀枝花\"},{\"code\":\"510500\",\"regionName\":\"泸州\"},{\"code\":\"510600\",\"regionName\":\"德阳\"},{\"code\":\"510700\",\"regionName\":\"绵阳\"},{\"code\":\"510800\",\"regionName\":\"广元\"},{\"code\":\"510900\",\"regionName\":\"遂宁\"},{\"code\":\"511000\",\"regionName\":\"内江\"},{\"code\":\"511100\",\"regionName\":\"乐山\"},{\"code\":\"511300\",\"regionName\":\"南充\"},{\"code\":\"511400\",\"regionName\":\"眉山\"},{\"code\":\"511500\",\"regionName\":\"宜宾\"},{\"code\":\"511600\",\"regionName\":\"广安\"},{\"code\":\"511700\",\"regionName\":\"达州\"},{\"code\":\"511800\",\"regionName\":\"雅安\"},{\"code\":\"511900\",\"regionName\":\"巴中\"},{\"code\":\"512000\",\"regionName\":\"资阳\"},{\"code\":\"513200\",\"regionName\":\"阿坝藏族羌族自治州\"},{\"code\":\"513300\",\"regionName\":\"甘孜藏族自治州\"},{\"code\":\"513400\",\"regionName\":\"凉山彝族自治州\"}]}]}]');
insert into sp_sale_region (json) values('[{\"code\":\"50\",\"regionName\":\"西南地区\",\"regions\":[{\"code\":\"500000\",\"regionName\":\"重庆\",\"regions\":[{\"code\":\"500100\",\"regionName\":\"重庆\"},{\"code\":\"500200\",\"regionName\":\"重庆郊县\"}]},{\"code\":\"510000\",\"regionName\":\"四川\",\"regions\":[{\"code\":\"510100\",\"regionName\":\"成都\"},{\"code\":\"510300\",\"regionName\":\"自贡\"},{\"code\":\"510400\",\"regionName\":\"攀枝花\"},{\"code\":\"510500\",\"regionName\":\"泸州\"},{\"code\":\"510600\",\"regionName\":\"德阳\"},{\"code\":\"510700\",\"regionName\":\"绵阳\"},{\"code\":\"510800\",\"regionName\":\"广元\"},{\"code\":\"510900\",\"regionName\":\"遂宁\"},{\"code\":\"511000\",\"regionName\":\"内江\"},{\"code\":\"511100\",\"regionName\":\"乐山\"},{\"code\":\"511300\",\"regionName\":\"南充\"},{\"code\":\"511400\",\"regionName\":\"眉山\"},{\"code\":\"511500\",\"regionName\":\"宜宾\"},{\"code\":\"511600\",\"regionName\":\"广安\"},{\"code\":\"511700\",\"regionName\":\"达州\"},{\"code\":\"511800\",\"regionName\":\"雅安\"},{\"code\":\"511900\",\"regionName\":\"巴中\"},{\"code\":\"512000\",\"regionName\":\"资阳\"},{\"code\":\"513200\",\"regionName\":\"阿坝藏族羌族自治州\"},{\"code\":\"513300\",\"regionName\":\"甘孜藏族自治州\"},{\"code\":\"513400\",\"regionName\":\"凉山彝族自治州\"}]}]}]');
insert into sp_sale_region (json) values('[{\"code\":\"50\",\"regionName\":\"西南地区\",\"regions\":[{\"code\":\"500000\",\"regionName\":\"重庆\",\"regions\":[{\"code\":\"500100\",\"regionName\":\"重庆\"},{\"code\":\"500200\",\"regionName\":\"重庆郊县\"}]},{\"code\":\"510000\",\"regionName\":\"四川\",\"regions\":[{\"code\":\"510100\",\"regionName\":\"成都\"},{\"code\":\"510300\",\"regionName\":\"自贡\"},{\"code\":\"510400\",\"regionName\":\"攀枝花\"},{\"code\":\"510500\",\"regionName\":\"泸州\"},{\"code\":\"510600\",\"regionName\":\"德阳\"},{\"code\":\"510700\",\"regionName\":\"绵阳\"},{\"code\":\"510800\",\"regionName\":\"广元\"},{\"code\":\"510900\",\"regionName\":\"遂宁\"},{\"code\":\"511000\",\"regionName\":\"内江\"},{\"code\":\"511100\",\"regionName\":\"乐山\"},{\"code\":\"511300\",\"regionName\":\"南充\"},{\"code\":\"511400\",\"regionName\":\"眉山\"},{\"code\":\"511500\",\"regionName\":\"宜宾\"},{\"code\":\"511600\",\"regionName\":\"广安\"},{\"code\":\"511700\",\"regionName\":\"达州\"},{\"code\":\"511800\",\"regionName\":\"雅安\"},{\"code\":\"511900\",\"regionName\":\"巴中\"},{\"code\":\"512000\",\"regionName\":\"资阳\"},{\"code\":\"513200\",\"regionName\":\"阿坝藏族羌族自治州\"},{\"code\":\"513300\",\"regionName\":\"甘孜藏族自治州\"},{\"code\":\"513400\",\"regionName\":\"凉山彝族自治州\"}]}]}]');
insert into sp_sale_region (json) values('[{\"code\":\"50\",\"regionName\":\"西南地区\",\"regions\":[{\"code\":\"500000\",\"regionName\":\"重庆\",\"regions\":[{\"code\":\"500100\",\"regionName\":\"重庆\"},{\"code\":\"500200\",\"regionName\":\"重庆郊县\"}]},{\"code\":\"510000\",\"regionName\":\"四川\",\"regions\":[{\"code\":\"510100\",\"regionName\":\"成都\"},{\"code\":\"510300\",\"regionName\":\"自贡\"},{\"code\":\"510400\",\"regionName\":\"攀枝花\"},{\"code\":\"510500\",\"regionName\":\"泸州\"},{\"code\":\"510600\",\"regionName\":\"德阳\"},{\"code\":\"510700\",\"regionName\":\"绵阳\"},{\"code\":\"510800\",\"regionName\":\"广元\"},{\"code\":\"510900\",\"regionName\":\"遂宁\"},{\"code\":\"511000\",\"regionName\":\"内江\"},{\"code\":\"511100\",\"regionName\":\"乐山\"},{\"code\":\"511300\",\"regionName\":\"南充\"},{\"code\":\"511400\",\"regionName\":\"眉山\"},{\"code\":\"511500\",\"regionName\":\"宜宾\"},{\"code\":\"511600\",\"regionName\":\"广安\"},{\"code\":\"511700\",\"regionName\":\"达州\"},{\"code\":\"511800\",\"regionName\":\"雅安\"},{\"code\":\"511900\",\"regionName\":\"巴中\"},{\"code\":\"512000\",\"regionName\":\"资阳\"},{\"code\":\"513200\",\"regionName\":\"阿坝藏族羌族自治州\"},{\"code\":\"513300\",\"regionName\":\"甘孜藏族自治州\"},{\"code\":\"513400\",\"regionName\":\"凉山彝族自治州\"}]}]}]');
insert into sp_sale_region (json) values('[{\"code\":\"50\",\"regionName\":\"西南地区\",\"regions\":[{\"code\":\"500000\",\"regionName\":\"重庆\",\"regions\":[{\"code\":\"500100\",\"regionName\":\"重庆\"},{\"code\":\"500200\",\"regionName\":\"重庆郊县\"}]},{\"code\":\"510000\",\"regionName\":\"四川\",\"regions\":[{\"code\":\"510100\",\"regionName\":\"成都\"},{\"code\":\"510300\",\"regionName\":\"自贡\"},{\"code\":\"510400\",\"regionName\":\"攀枝花\"},{\"code\":\"510500\",\"regionName\":\"泸州\"},{\"code\":\"510600\",\"regionName\":\"德阳\"},{\"code\":\"510700\",\"regionName\":\"绵阳\"},{\"code\":\"510800\",\"regionName\":\"广元\"},{\"code\":\"510900\",\"regionName\":\"遂宁\"},{\"code\":\"511000\",\"regionName\":\"内江\"},{\"code\":\"511100\",\"regionName\":\"乐山\"},{\"code\":\"511300\",\"regionName\":\"南充\"},{\"code\":\"511400\",\"regionName\":\"眉山\"},{\"code\":\"511500\",\"regionName\":\"宜宾\"},{\"code\":\"511600\",\"regionName\":\"广安\"},{\"code\":\"511700\",\"regionName\":\"达州\"},{\"code\":\"511800\",\"regionName\":\"雅安\"},{\"code\":\"511900\",\"regionName\":\"巴中\"},{\"code\":\"512000\",\"regionName\":\"资阳\"},{\"code\":\"513200\",\"regionName\":\"阿坝藏族羌族自治州\"},{\"code\":\"513300\",\"regionName\":\"甘孜藏族自治州\"},{\"code\":\"513400\",\"regionName\":\"凉山彝族自治州\"}]}]}]');
insert into sp_sale_region (json) values('[{\"code\":\"50\",\"regionName\":\"西南地区\",\"regions\":[{\"code\":\"500000\",\"regionName\":\"重庆\",\"regions\":[{\"code\":\"500100\",\"regionName\":\"重庆\"},{\"code\":\"500200\",\"regionName\":\"重庆郊县\"}]},{\"code\":\"510000\",\"regionName\":\"四川\",\"regions\":[{\"code\":\"510100\",\"regionName\":\"成都\"},{\"code\":\"510300\",\"regionName\":\"自贡\"},{\"code\":\"510400\",\"regionName\":\"攀枝花\"},{\"code\":\"510500\",\"regionName\":\"泸州\"},{\"code\":\"510600\",\"regionName\":\"德阳\"},{\"code\":\"510700\",\"regionName\":\"绵阳\"},{\"code\":\"510800\",\"regionName\":\"广元\"},{\"code\":\"510900\",\"regionName\":\"遂宁\"},{\"code\":\"511000\",\"regionName\":\"内江\"},{\"code\":\"511100\",\"regionName\":\"乐山\"},{\"code\":\"511300\",\"regionName\":\"南充\"},{\"code\":\"511400\",\"regionName\":\"眉山\"},{\"code\":\"511500\",\"regionName\":\"宜宾\"},{\"code\":\"511600\",\"regionName\":\"广安\"},{\"code\":\"511700\",\"regionName\":\"达州\"},{\"code\":\"511800\",\"regionName\":\"雅安\"},{\"code\":\"511900\",\"regionName\":\"巴中\"},{\"code\":\"512000\",\"regionName\":\"资阳\"},{\"code\":\"513200\",\"regionName\":\"阿坝藏族羌族自治州\"},{\"code\":\"513300\",\"regionName\":\"甘孜藏族自治州\"},{\"code\":\"513400\",\"regionName\":\"凉山彝族自治州\"}]}]}]');
insert into sp_sale_region (json) values('[{\"code\":\"50\",\"regionName\":\"西南地区\",\"regions\":[{\"code\":\"500000\",\"regionName\":\"重庆\",\"regions\":[{\"code\":\"500100\",\"regionName\":\"重庆\"},{\"code\":\"500200\",\"regionName\":\"重庆郊县\"}]},{\"code\":\"510000\",\"regionName\":\"四川\",\"regions\":[{\"code\":\"510100\",\"regionName\":\"成都\"},{\"code\":\"510300\",\"regionName\":\"自贡\"},{\"code\":\"510400\",\"regionName\":\"攀枝花\"},{\"code\":\"510500\",\"regionName\":\"泸州\"},{\"code\":\"510600\",\"regionName\":\"德阳\"},{\"code\":\"510700\",\"regionName\":\"绵阳\"},{\"code\":\"510800\",\"regionName\":\"广元\"},{\"code\":\"510900\",\"regionName\":\"遂宁\"},{\"code\":\"511000\",\"regionName\":\"内江\"},{\"code\":\"511100\",\"regionName\":\"乐山\"},{\"code\":\"511300\",\"regionName\":\"南充\"},{\"code\":\"511400\",\"regionName\":\"眉山\"},{\"code\":\"511500\",\"regionName\":\"宜宾\"},{\"code\":\"511600\",\"regionName\":\"广安\"},{\"code\":\"511700\",\"regionName\":\"达州\"},{\"code\":\"511800\",\"regionName\":\"雅安\"},{\"code\":\"511900\",\"regionName\":\"巴中\"},{\"code\":\"512000\",\"regionName\":\"资阳\"},{\"code\":\"513200\",\"regionName\":\"阿坝藏族羌族自治州\"},{\"code\":\"513300\",\"regionName\":\"甘孜藏族自治州\"},{\"code\":\"513400\",\"regionName\":\"凉山彝族自治州\"}]}]}]');
insert into sp_sale_region (json) values('[{\"code\":\"50\",\"regionName\":\"西南地区\",\"regions\":[{\"code\":\"500000\",\"regionName\":\"重庆\",\"regions\":[{\"code\":\"500100\",\"regionName\":\"重庆\"},{\"code\":\"500200\",\"regionName\":\"重庆郊县\"}]},{\"code\":\"510000\",\"regionName\":\"四川\",\"regions\":[{\"code\":\"510100\",\"regionName\":\"成都\"},{\"code\":\"510300\",\"regionName\":\"自贡\"},{\"code\":\"510400\",\"regionName\":\"攀枝花\"},{\"code\":\"510500\",\"regionName\":\"泸州\"},{\"code\":\"510600\",\"regionName\":\"德阳\"},{\"code\":\"510700\",\"regionName\":\"绵阳\"},{\"code\":\"510800\",\"regionName\":\"广元\"},{\"code\":\"510900\",\"regionName\":\"遂宁\"},{\"code\":\"511000\",\"regionName\":\"内江\"},{\"code\":\"511100\",\"regionName\":\"乐山\"},{\"code\":\"511300\",\"regionName\":\"南充\"},{\"code\":\"511400\",\"regionName\":\"眉山\"},{\"code\":\"511500\",\"regionName\":\"宜宾\"},{\"code\":\"511600\",\"regionName\":\"广安\"},{\"code\":\"511700\",\"regionName\":\"达州\"},{\"code\":\"511800\",\"regionName\":\"雅安\"},{\"code\":\"511900\",\"regionName\":\"巴中\"},{\"code\":\"512000\",\"regionName\":\"资阳\"},{\"code\":\"513200\",\"regionName\":\"阿坝藏族羌族自治州\"},{\"code\":\"513300\",\"regionName\":\"甘孜藏族自治州\"},{\"code\":\"513400\",\"regionName\":\"凉山彝族自治州\"}]}]}]');
insert into sp_sale_region (json) values('[{\"code\":\"50\",\"regionName\":\"西南地区\",\"regions\":[{\"code\":\"500000\",\"regionName\":\"重庆\",\"regions\":[{\"code\":\"500100\",\"regionName\":\"重庆\"},{\"code\":\"500200\",\"regionName\":\"重庆郊县\"}]},{\"code\":\"510000\",\"regionName\":\"四川\",\"regions\":[{\"code\":\"510100\",\"regionName\":\"成都\"},{\"code\":\"510300\",\"regionName\":\"自贡\"},{\"code\":\"510400\",\"regionName\":\"攀枝花\"},{\"code\":\"510500\",\"regionName\":\"泸州\"},{\"code\":\"510600\",\"regionName\":\"德阳\"},{\"code\":\"510700\",\"regionName\":\"绵阳\"},{\"code\":\"510800\",\"regionName\":\"广元\"},{\"code\":\"510900\",\"regionName\":\"遂宁\"},{\"code\":\"511000\",\"regionName\":\"内江\"},{\"code\":\"511100\",\"regionName\":\"乐山\"},{\"code\":\"511300\",\"regionName\":\"南充\"},{\"code\":\"511400\",\"regionName\":\"眉山\"},{\"code\":\"511500\",\"regionName\":\"宜宾\"},{\"code\":\"511600\",\"regionName\":\"广安\"},{\"code\":\"511700\",\"regionName\":\"达州\"},{\"code\":\"511800\",\"regionName\":\"雅安\"},{\"code\":\"511900\",\"regionName\":\"巴中\"},{\"code\":\"512000\",\"regionName\":\"资阳\"},{\"code\":\"513200\",\"regionName\":\"阿坝藏族羌族自治州\"},{\"code\":\"513300\",\"regionName\":\"甘孜藏族自治州\"},{\"code\":\"513400\",\"regionName\":\"凉山彝族自治州\"}]}]}]');
insert into sp_sale_region (json) values('[{\"code\":\"50\",\"regionName\":\"西南地区\",\"regions\":[{\"code\":\"500000\",\"regionName\":\"重庆\",\"regions\":[{\"code\":\"500100\",\"regionName\":\"重庆\"},{\"code\":\"500200\",\"regionName\":\"重庆郊县\"}]},{\"code\":\"510000\",\"regionName\":\"四川\",\"regions\":[{\"code\":\"510100\",\"regionName\":\"成都\"},{\"code\":\"510300\",\"regionName\":\"自贡\"},{\"code\":\"510400\",\"regionName\":\"攀枝花\"},{\"code\":\"510500\",\"regionName\":\"泸州\"},{\"code\":\"510600\",\"regionName\":\"德阳\"},{\"code\":\"510700\",\"regionName\":\"绵阳\"},{\"code\":\"510800\",\"regionName\":\"广元\"},{\"code\":\"510900\",\"regionName\":\"遂宁\"},{\"code\":\"511000\",\"regionName\":\"内江\"},{\"code\":\"511100\",\"regionName\":\"乐山\"},{\"code\":\"511300\",\"regionName\":\"南充\"},{\"code\":\"511400\",\"regionName\":\"眉山\"},{\"code\":\"511500\",\"regionName\":\"宜宾\"},{\"code\":\"511600\",\"regionName\":\"广安\"},{\"code\":\"511700\",\"regionName\":\"达州\"},{\"code\":\"511800\",\"regionName\":\"雅安\"},{\"code\":\"511900\",\"regionName\":\"巴中\"},{\"code\":\"512000\",\"regionName\":\"资阳\"},{\"code\":\"513200\",\"regionName\":\"阿坝藏族羌族自治州\"},{\"code\":\"513300\",\"regionName\":\"甘孜藏族自治州\"},{\"code\":\"513400\",\"regionName\":\"凉山彝族自治州\"}]}]}]');
insert into sp_sale_region (json) values('[{\"code\":\"50\",\"regionName\":\"西南地区\",\"regions\":[{\"code\":\"500000\",\"regionName\":\"重庆\",\"regions\":[{\"code\":\"500100\",\"regionName\":\"重庆\"},{\"code\":\"500200\",\"regionName\":\"重庆郊县\"}]},{\"code\":\"510000\",\"regionName\":\"四川\",\"regions\":[{\"code\":\"510100\",\"regionName\":\"成都\"},{\"code\":\"510300\",\"regionName\":\"自贡\"},{\"code\":\"510400\",\"regionName\":\"攀枝花\"},{\"code\":\"510500\",\"regionName\":\"泸州\"},{\"code\":\"510600\",\"regionName\":\"德阳\"},{\"code\":\"510700\",\"regionName\":\"绵阳\"},{\"code\":\"510800\",\"regionName\":\"广元\"},{\"code\":\"510900\",\"regionName\":\"遂宁\"},{\"code\":\"511000\",\"regionName\":\"内江\"},{\"code\":\"511100\",\"regionName\":\"乐山\"},{\"code\":\"511300\",\"regionName\":\"南充\"},{\"code\":\"511400\",\"regionName\":\"眉山\"},{\"code\":\"511500\",\"regionName\":\"宜宾\"},{\"code\":\"511600\",\"regionName\":\"广安\"},{\"code\":\"511700\",\"regionName\":\"达州\"},{\"code\":\"511800\",\"regionName\":\"雅安\"},{\"code\":\"511900\",\"regionName\":\"巴中\"},{\"code\":\"512000\",\"regionName\":\"资阳\"},{\"code\":\"513200\",\"regionName\":\"阿坝藏族羌族自治州\"},{\"code\":\"513300\",\"regionName\":\"甘孜藏族自治州\"},{\"code\":\"513400\",\"regionName\":\"凉山彝族自治州\"}]}]}]');
insert into sp_sale_region (json) values('[{\"code\":\"50\",\"regionName\":\"西南地区\",\"regions\":[{\"code\":\"500000\",\"regionName\":\"重庆\",\"regions\":[{\"code\":\"500100\",\"regionName\":\"重庆\"},{\"code\":\"500200\",\"regionName\":\"重庆郊县\"}]},{\"code\":\"510000\",\"regionName\":\"四川\",\"regions\":[{\"code\":\"510100\",\"regionName\":\"成都\"},{\"code\":\"510300\",\"regionName\":\"自贡\"},{\"code\":\"510400\",\"regionName\":\"攀枝花\"},{\"code\":\"510500\",\"regionName\":\"泸州\"},{\"code\":\"510600\",\"regionName\":\"德阳\"},{\"code\":\"510700\",\"regionName\":\"绵阳\"},{\"code\":\"510800\",\"regionName\":\"广元\"},{\"code\":\"510900\",\"regionName\":\"遂宁\"},{\"code\":\"511000\",\"regionName\":\"内江\"},{\"code\":\"511100\",\"regionName\":\"乐山\"},{\"code\":\"511300\",\"regionName\":\"南充\"},{\"code\":\"511400\",\"regionName\":\"眉山\"},{\"code\":\"511500\",\"regionName\":\"宜宾\"},{\"code\":\"511600\",\"regionName\":\"广安\"},{\"code\":\"511700\",\"regionName\":\"达州\"},{\"code\":\"511800\",\"regionName\":\"雅安\"},{\"code\":\"511900\",\"regionName\":\"巴中\"},{\"code\":\"512000\",\"regionName\":\"资阳\"},{\"code\":\"513200\",\"regionName\":\"阿坝藏族羌族自治州\"},{\"code\":\"513300\",\"regionName\":\"甘孜藏族自治州\"},{\"code\":\"513400\",\"regionName\":\"凉山彝族自治州\"}]}]}]');
insert into sp_sale_region (json) values('[{\"code\":\"50\",\"regionName\":\"西南地区\",\"regions\":[{\"code\":\"500000\",\"regionName\":\"重庆\",\"regions\":[{\"code\":\"500100\",\"regionName\":\"重庆\"},{\"code\":\"500200\",\"regionName\":\"重庆郊县\"}]},{\"code\":\"510000\",\"regionName\":\"四川\",\"regions\":[{\"code\":\"510100\",\"regionName\":\"成都\"},{\"code\":\"510300\",\"regionName\":\"自贡\"},{\"code\":\"510400\",\"regionName\":\"攀枝花\"},{\"code\":\"510500\",\"regionName\":\"泸州\"},{\"code\":\"510600\",\"regionName\":\"德阳\"},{\"code\":\"510700\",\"regionName\":\"绵阳\"},{\"code\":\"510800\",\"regionName\":\"广元\"},{\"code\":\"510900\",\"regionName\":\"遂宁\"},{\"code\":\"511000\",\"regionName\":\"内江\"},{\"code\":\"511100\",\"regionName\":\"乐山\"},{\"code\":\"511300\",\"regionName\":\"南充\"},{\"code\":\"511400\",\"regionName\":\"眉山\"},{\"code\":\"511500\",\"regionName\":\"宜宾\"},{\"code\":\"511600\",\"regionName\":\"广安\"},{\"code\":\"511700\",\"regionName\":\"达州\"},{\"code\":\"511800\",\"regionName\":\"雅安\"},{\"code\":\"511900\",\"regionName\":\"巴中\"},{\"code\":\"512000\",\"regionName\":\"资阳\"},{\"code\":\"513200\",\"regionName\":\"阿坝藏族羌族自治州\"},{\"code\":\"513300\",\"regionName\":\"甘孜藏族自治州\"},{\"code\":\"513400\",\"regionName\":\"凉山彝族自治州\"}]}]}]');
insert into sp_sale_region (json) values('[{\"code\":\"50\",\"regionName\":\"西南地区\",\"regions\":[{\"code\":\"500000\",\"regionName\":\"重庆\",\"regions\":[{\"code\":\"500100\",\"regionName\":\"重庆\"},{\"code\":\"500200\",\"regionName\":\"重庆郊县\"}]},{\"code\":\"510000\",\"regionName\":\"四川\",\"regions\":[{\"code\":\"510100\",\"regionName\":\"成都\"},{\"code\":\"510300\",\"regionName\":\"自贡\"},{\"code\":\"510400\",\"regionName\":\"攀枝花\"},{\"code\":\"510500\",\"regionName\":\"泸州\"},{\"code\":\"510600\",\"regionName\":\"德阳\"},{\"code\":\"510700\",\"regionName\":\"绵阳\"},{\"code\":\"510800\",\"regionName\":\"广元\"},{\"code\":\"510900\",\"regionName\":\"遂宁\"},{\"code\":\"511000\",\"regionName\":\"内江\"},{\"code\":\"511100\",\"regionName\":\"乐山\"},{\"code\":\"511300\",\"regionName\":\"南充\"},{\"code\":\"511400\",\"regionName\":\"眉山\"},{\"code\":\"511500\",\"regionName\":\"宜宾\"},{\"code\":\"511600\",\"regionName\":\"广安\"},{\"code\":\"511700\",\"regionName\":\"达州\"},{\"code\":\"511800\",\"regionName\":\"雅安\"},{\"code\":\"511900\",\"regionName\":\"巴中\"},{\"code\":\"512000\",\"regionName\":\"资阳\"},{\"code\":\"513200\",\"regionName\":\"阿坝藏族羌族自治州\"},{\"code\":\"513300\",\"regionName\":\"甘孜藏族自治州\"},{\"code\":\"513400\",\"regionName\":\"凉山彝族自治州\"}]}]}]');
insert into sp_sale_region (json) values('[{\"code\":\"50\",\"regionName\":\"西南地区\",\"regions\":[{\"code\":\"500000\",\"regionName\":\"重庆\",\"regions\":[{\"code\":\"500100\",\"regionName\":\"重庆\"},{\"code\":\"500200\",\"regionName\":\"重庆郊县\"}]},{\"code\":\"510000\",\"regionName\":\"四川\",\"regions\":[{\"code\":\"510100\",\"regionName\":\"成都\"},{\"code\":\"510300\",\"regionName\":\"自贡\"},{\"code\":\"510400\",\"regionName\":\"攀枝花\"},{\"code\":\"510500\",\"regionName\":\"泸州\"},{\"code\":\"510600\",\"regionName\":\"德阳\"},{\"code\":\"510700\",\"regionName\":\"绵阳\"},{\"code\":\"510800\",\"regionName\":\"广元\"},{\"code\":\"510900\",\"regionName\":\"遂宁\"},{\"code\":\"511000\",\"regionName\":\"内江\"},{\"code\":\"511100\",\"regionName\":\"乐山\"},{\"code\":\"511300\",\"regionName\":\"南充\"},{\"code\":\"511400\",\"regionName\":\"眉山\"},{\"code\":\"511500\",\"regionName\":\"宜宾\"},{\"code\":\"511600\",\"regionName\":\"广安\"},{\"code\":\"511700\",\"regionName\":\"达州\"},{\"code\":\"511800\",\"regionName\":\"雅安\"},{\"code\":\"511900\",\"regionName\":\"巴中\"},{\"code\":\"512000\",\"regionName\":\"资阳\"},{\"code\":\"513200\",\"regionName\":\"阿坝藏族羌族自治州\"},{\"code\":\"513300\",\"regionName\":\"甘孜藏族自治州\"},{\"code\":\"513400\",\"regionName\":\"凉山彝族自治州\"}]}]}]');
insert into sp_sale_region (json) values('[{\"code\":\"50\",\"regionName\":\"西南地区\",\"regions\":[{\"code\":\"500000\",\"regionName\":\"重庆\",\"regions\":[{\"code\":\"500100\",\"regionName\":\"重庆\"},{\"code\":\"500200\",\"regionName\":\"重庆郊县\"}]},{\"code\":\"510000\",\"regionName\":\"四川\",\"regions\":[{\"code\":\"510100\",\"regionName\":\"成都\"},{\"code\":\"510300\",\"regionName\":\"自贡\"},{\"code\":\"510400\",\"regionName\":\"攀枝花\"},{\"code\":\"510500\",\"regionName\":\"泸州\"},{\"code\":\"510600\",\"regionName\":\"德阳\"},{\"code\":\"510700\",\"regionName\":\"绵阳\"},{\"code\":\"510800\",\"regionName\":\"广元\"},{\"code\":\"510900\",\"regionName\":\"遂宁\"},{\"code\":\"511000\",\"regionName\":\"内江\"},{\"code\":\"511100\",\"regionName\":\"乐山\"},{\"code\":\"511300\",\"regionName\":\"南充\"},{\"code\":\"511400\",\"regionName\":\"眉山\"},{\"code\":\"511500\",\"regionName\":\"宜宾\"},{\"code\":\"511600\",\"regionName\":\"广安\"},{\"code\":\"511700\",\"regionName\":\"达州\"},{\"code\":\"511800\",\"regionName\":\"雅安\"},{\"code\":\"511900\",\"regionName\":\"巴中\"},{\"code\":\"512000\",\"regionName\":\"资阳\"},{\"code\":\"513200\",\"regionName\":\"阿坝藏族羌族自治州\"},{\"code\":\"513300\",\"regionName\":\"甘孜藏族自治州\"},{\"code\":\"513400\",\"regionName\":\"凉山彝族自治州\"}]}]}]');
insert into sp_sale_region (json) values('[{\"code\":\"50\",\"regionName\":\"西南地区\",\"regions\":[{\"code\":\"500000\",\"regionName\":\"重庆\",\"regions\":[{\"code\":\"500100\",\"regionName\":\"重庆\"},{\"code\":\"500200\",\"regionName\":\"重庆郊县\"}]},{\"code\":\"510000\",\"regionName\":\"四川\",\"regions\":[{\"code\":\"510100\",\"regionName\":\"成都\"},{\"code\":\"510300\",\"regionName\":\"自贡\"},{\"code\":\"510400\",\"regionName\":\"攀枝花\"},{\"code\":\"510500\",\"regionName\":\"泸州\"},{\"code\":\"510600\",\"regionName\":\"德阳\"},{\"code\":\"510700\",\"regionName\":\"绵阳\"},{\"code\":\"510800\",\"regionName\":\"广元\"},{\"code\":\"510900\",\"regionName\":\"遂宁\"},{\"code\":\"511000\",\"regionName\":\"内江\"},{\"code\":\"511100\",\"regionName\":\"乐山\"},{\"code\":\"511300\",\"regionName\":\"南充\"},{\"code\":\"511400\",\"regionName\":\"眉山\"},{\"code\":\"511500\",\"regionName\":\"宜宾\"},{\"code\":\"511600\",\"regionName\":\"广安\"},{\"code\":\"511700\",\"regionName\":\"达州\"},{\"code\":\"511800\",\"regionName\":\"雅安\"},{\"code\":\"511900\",\"regionName\":\"巴中\"},{\"code\":\"512000\",\"regionName\":\"资阳\"},{\"code\":\"513200\",\"regionName\":\"阿坝藏族羌族自治州\"},{\"code\":\"513300\",\"regionName\":\"甘孜藏族自治州\"},{\"code\":\"513400\",\"regionName\":\"凉山彝族自治州\"}]}]}]');
insert into sp_sale_region (json) values('[{\"code\":\"50\",\"regionName\":\"西南地区\",\"regions\":[{\"code\":\"500000\",\"regionName\":\"重庆\",\"regions\":[{\"code\":\"500100\",\"regionName\":\"重庆\"},{\"code\":\"500200\",\"regionName\":\"重庆郊县\"}]},{\"code\":\"510000\",\"regionName\":\"四川\",\"regions\":[{\"code\":\"510100\",\"regionName\":\"成都\"},{\"code\":\"510300\",\"regionName\":\"自贡\"},{\"code\":\"510400\",\"regionName\":\"攀枝花\"},{\"code\":\"510500\",\"regionName\":\"泸州\"},{\"code\":\"510600\",\"regionName\":\"德阳\"},{\"code\":\"510700\",\"regionName\":\"绵阳\"},{\"code\":\"510800\",\"regionName\":\"广元\"},{\"code\":\"510900\",\"regionName\":\"遂宁\"},{\"code\":\"511000\",\"regionName\":\"内江\"},{\"code\":\"511100\",\"regionName\":\"乐山\"},{\"code\":\"511300\",\"regionName\":\"南充\"},{\"code\":\"511400\",\"regionName\":\"眉山\"},{\"code\":\"511500\",\"regionName\":\"宜宾\"},{\"code\":\"511600\",\"regionName\":\"广安\"},{\"code\":\"511700\",\"regionName\":\"达州\"},{\"code\":\"511800\",\"regionName\":\"雅安\"},{\"code\":\"511900\",\"regionName\":\"巴中\"},{\"code\":\"512000\",\"regionName\":\"资阳\"},{\"code\":\"513200\",\"regionName\":\"阿坝藏族羌族自治州\"},{\"code\":\"513300\",\"regionName\":\"甘孜藏族自治州\"},{\"code\":\"513400\",\"regionName\":\"凉山彝族自治州\"}]}]}]');
insert into sp_sale_region (json) values('[{\"code\":\"50\",\"regionName\":\"西南地区\",\"regions\":[{\"code\":\"500000\",\"regionName\":\"重庆\",\"regions\":[{\"code\":\"500100\",\"regionName\":\"重庆\"},{\"code\":\"500200\",\"regionName\":\"重庆郊县\"}]},{\"code\":\"510000\",\"regionName\":\"四川\",\"regions\":[{\"code\":\"510100\",\"regionName\":\"成都\"},{\"code\":\"510300\",\"regionName\":\"自贡\"},{\"code\":\"510400\",\"regionName\":\"攀枝花\"},{\"code\":\"510500\",\"regionName\":\"泸州\"},{\"code\":\"510600\",\"regionName\":\"德阳\"},{\"code\":\"510700\",\"regionName\":\"绵阳\"},{\"code\":\"510800\",\"regionName\":\"广元\"},{\"code\":\"510900\",\"regionName\":\"遂宁\"},{\"code\":\"511000\",\"regionName\":\"内江\"},{\"code\":\"511100\",\"regionName\":\"乐山\"},{\"code\":\"511300\",\"regionName\":\"南充\"},{\"code\":\"511400\",\"regionName\":\"眉山\"},{\"code\":\"511500\",\"regionName\":\"宜宾\"},{\"code\":\"511600\",\"regionName\":\"广安\"},{\"code\":\"511700\",\"regionName\":\"达州\"},{\"code\":\"511800\",\"regionName\":\"雅安\"},{\"code\":\"511900\",\"regionName\":\"巴中\"},{\"code\":\"512000\",\"regionName\":\"资阳\"},{\"code\":\"513200\",\"regionName\":\"阿坝藏族羌族自治州\"},{\"code\":\"513300\",\"regionName\":\"甘孜藏族自治州\"},{\"code\":\"513400\",\"regionName\":\"凉山彝族自治州\"}]}]}]');
insert into sp_sale_region (json) values('[{\"code\":\"50\",\"regionName\":\"西南地区\",\"regions\":[{\"code\":\"500000\",\"regionName\":\"重庆\",\"regions\":[{\"code\":\"500100\",\"regionName\":\"重庆\"},{\"code\":\"500200\",\"regionName\":\"重庆郊县\"}]},{\"code\":\"510000\",\"regionName\":\"四川\",\"regions\":[{\"code\":\"510100\",\"regionName\":\"成都\"},{\"code\":\"510300\",\"regionName\":\"自贡\"},{\"code\":\"510400\",\"regionName\":\"攀枝花\"},{\"code\":\"510500\",\"regionName\":\"泸州\"},{\"code\":\"510600\",\"regionName\":\"德阳\"},{\"code\":\"510700\",\"regionName\":\"绵阳\"},{\"code\":\"510800\",\"regionName\":\"广元\"},{\"code\":\"510900\",\"regionName\":\"遂宁\"},{\"code\":\"511000\",\"regionName\":\"内江\"},{\"code\":\"511100\",\"regionName\":\"乐山\"},{\"code\":\"511300\",\"regionName\":\"南充\"},{\"code\":\"511400\",\"regionName\":\"眉山\"},{\"code\":\"511500\",\"regionName\":\"宜宾\"},{\"code\":\"511600\",\"regionName\":\"广安\"},{\"code\":\"511700\",\"regionName\":\"达州\"},{\"code\":\"511800\",\"regionName\":\"雅安\"},{\"code\":\"511900\",\"regionName\":\"巴中\"},{\"code\":\"512000\",\"regionName\":\"资阳\"},{\"code\":\"513200\",\"regionName\":\"阿坝藏族羌族自治州\"},{\"code\":\"513300\",\"regionName\":\"甘孜藏族自治州\"},{\"code\":\"513400\",\"regionName\":\"凉山彝族自治州\"}]}]}]');
insert into sp_sale_region (json) values('[{\"code\":\"50\",\"regionName\":\"西南地区\",\"regions\":[{\"code\":\"500000\",\"regionName\":\"重庆\",\"regions\":[{\"code\":\"500100\",\"regionName\":\"重庆\"},{\"code\":\"500200\",\"regionName\":\"重庆郊县\"}]},{\"code\":\"510000\",\"regionName\":\"四川\",\"regions\":[{\"code\":\"510100\",\"regionName\":\"成都\"},{\"code\":\"510300\",\"regionName\":\"自贡\"},{\"code\":\"510400\",\"regionName\":\"攀枝花\"},{\"code\":\"510500\",\"regionName\":\"泸州\"},{\"code\":\"510600\",\"regionName\":\"德阳\"},{\"code\":\"510700\",\"regionName\":\"绵阳\"},{\"code\":\"510800\",\"regionName\":\"广元\"},{\"code\":\"510900\",\"regionName\":\"遂宁\"},{\"code\":\"511000\",\"regionName\":\"内江\"},{\"code\":\"511100\",\"regionName\":\"乐山\"},{\"code\":\"511300\",\"regionName\":\"南充\"},{\"code\":\"511400\",\"regionName\":\"眉山\"},{\"code\":\"511500\",\"regionName\":\"宜宾\"},{\"code\":\"511600\",\"regionName\":\"广安\"},{\"code\":\"511700\",\"regionName\":\"达州\"},{\"code\":\"511800\",\"regionName\":\"雅安\"},{\"code\":\"511900\",\"regionName\":\"巴中\"},{\"code\":\"512000\",\"regionName\":\"资阳\"},{\"code\":\"513200\",\"regionName\":\"阿坝藏族羌族自治州\"},{\"code\":\"513300\",\"regionName\":\"甘孜藏族自治州\"},{\"code\":\"513400\",\"regionName\":\"凉山彝族自治州\"}]}]}]');
insert into sp_sale_region (json) values('[{\"code\":\"50\",\"regionName\":\"西南地区\",\"regions\":[{\"code\":\"500000\",\"regionName\":\"重庆\",\"regions\":[{\"code\":\"500100\",\"regionName\":\"重庆\"},{\"code\":\"500200\",\"regionName\":\"重庆郊县\"}]},{\"code\":\"510000\",\"regionName\":\"四川\",\"regions\":[{\"code\":\"510100\",\"regionName\":\"成都\"},{\"code\":\"510300\",\"regionName\":\"自贡\"},{\"code\":\"510400\",\"regionName\":\"攀枝花\"},{\"code\":\"510500\",\"regionName\":\"泸州\"},{\"code\":\"510600\",\"regionName\":\"德阳\"},{\"code\":\"510700\",\"regionName\":\"绵阳\"},{\"code\":\"510800\",\"regionName\":\"广元\"},{\"code\":\"510900\",\"regionName\":\"遂宁\"},{\"code\":\"511000\",\"regionName\":\"内江\"},{\"code\":\"511100\",\"regionName\":\"乐山\"},{\"code\":\"511300\",\"regionName\":\"南充\"},{\"code\":\"511400\",\"regionName\":\"眉山\"},{\"code\":\"511500\",\"regionName\":\"宜宾\"},{\"code\":\"511600\",\"regionName\":\"广安\"},{\"code\":\"511700\",\"regionName\":\"达州\"},{\"code\":\"511800\",\"regionName\":\"雅安\"},{\"code\":\"511900\",\"regionName\":\"巴中\"},{\"code\":\"512000\",\"regionName\":\"资阳\"},{\"code\":\"513200\",\"regionName\":\"阿坝藏族羌族自治州\"},{\"code\":\"513300\",\"regionName\":\"甘孜藏族自治州\"},{\"code\":\"513400\",\"regionName\":\"凉山彝族自治州\"}]}]}]');
insert into sp_sale_region (json) values('[{\"code\":\"50\",\"regionName\":\"西南地区\",\"regions\":[{\"code\":\"500000\",\"regionName\":\"重庆\",\"regions\":[{\"code\":\"500100\",\"regionName\":\"重庆\"},{\"code\":\"500200\",\"regionName\":\"重庆郊县\"}]},{\"code\":\"510000\",\"regionName\":\"四川\",\"regions\":[{\"code\":\"510100\",\"regionName\":\"成都\"},{\"code\":\"510300\",\"regionName\":\"自贡\"},{\"code\":\"510400\",\"regionName\":\"攀枝花\"},{\"code\":\"510500\",\"regionName\":\"泸州\"},{\"code\":\"510600\",\"regionName\":\"德阳\"},{\"code\":\"510700\",\"regionName\":\"绵阳\"},{\"code\":\"510800\",\"regionName\":\"广元\"},{\"code\":\"510900\",\"regionName\":\"遂宁\"},{\"code\":\"511000\",\"regionName\":\"内江\"},{\"code\":\"511100\",\"regionName\":\"乐山\"},{\"code\":\"511300\",\"regionName\":\"南充\"},{\"code\":\"511400\",\"regionName\":\"眉山\"},{\"code\":\"511500\",\"regionName\":\"宜宾\"},{\"code\":\"511600\",\"regionName\":\"广安\"},{\"code\":\"511700\",\"regionName\":\"达州\"},{\"code\":\"511800\",\"regionName\":\"雅安\"},{\"code\":\"511900\",\"regionName\":\"巴中\"},{\"code\":\"512000\",\"regionName\":\"资阳\"},{\"code\":\"513200\",\"regionName\":\"阿坝藏族羌族自治州\"},{\"code\":\"513300\",\"regionName\":\"甘孜藏族自治州\"},{\"code\":\"513400\",\"regionName\":\"凉山彝族自治州\"}]}]}]');
insert into sp_sale_region (json) values('[{\"code\":\"50\",\"regionName\":\"西南地区\",\"regions\":[{\"code\":\"500000\",\"regionName\":\"重庆\",\"regions\":[{\"code\":\"500100\",\"regionName\":\"重庆\"},{\"code\":\"500200\",\"regionName\":\"重庆郊县\"}]},{\"code\":\"510000\",\"regionName\":\"四川\",\"regions\":[{\"code\":\"510100\",\"regionName\":\"成都\"},{\"code\":\"510300\",\"regionName\":\"自贡\"},{\"code\":\"510400\",\"regionName\":\"攀枝花\"},{\"code\":\"510500\",\"regionName\":\"泸州\"},{\"code\":\"510600\",\"regionName\":\"德阳\"},{\"code\":\"510700\",\"regionName\":\"绵阳\"},{\"code\":\"510800\",\"regionName\":\"广元\"},{\"code\":\"510900\",\"regionName\":\"遂宁\"},{\"code\":\"511000\",\"regionName\":\"内江\"},{\"code\":\"511100\",\"regionName\":\"乐山\"},{\"code\":\"511300\",\"regionName\":\"南充\"},{\"code\":\"511400\",\"regionName\":\"眉山\"},{\"code\":\"511500\",\"regionName\":\"宜宾\"},{\"code\":\"511600\",\"regionName\":\"广安\"},{\"code\":\"511700\",\"regionName\":\"达州\"},{\"code\":\"511800\",\"regionName\":\"雅安\"},{\"code\":\"511900\",\"regionName\":\"巴中\"},{\"code\":\"512000\",\"regionName\":\"资阳\"},{\"code\":\"513200\",\"regionName\":\"阿坝藏族羌族自治州\"},{\"code\":\"513300\",\"regionName\":\"甘孜藏族自治州\"},{\"code\":\"513400\",\"regionName\":\"凉山彝族自治州\"}]}]}]');
insert into sp_sale_region (json) values('[{\"code\":\"50\",\"regionName\":\"西南地区\",\"regions\":[{\"code\":\"500000\",\"regionName\":\"重庆\",\"regions\":[{\"code\":\"500100\",\"regionName\":\"重庆\"},{\"code\":\"500200\",\"regionName\":\"重庆郊县\"}]},{\"code\":\"510000\",\"regionName\":\"四川\",\"regions\":[{\"code\":\"510100\",\"regionName\":\"成都\"},{\"code\":\"510300\",\"regionName\":\"自贡\"},{\"code\":\"510400\",\"regionName\":\"攀枝花\"},{\"code\":\"510500\",\"regionName\":\"泸州\"},{\"code\":\"510600\",\"regionName\":\"德阳\"},{\"code\":\"510700\",\"regionName\":\"绵阳\"},{\"code\":\"510800\",\"regionName\":\"广元\"},{\"code\":\"510900\",\"regionName\":\"遂宁\"},{\"code\":\"511000\",\"regionName\":\"内江\"},{\"code\":\"511100\",\"regionName\":\"乐山\"},{\"code\":\"511300\",\"regionName\":\"南充\"},{\"code\":\"511400\",\"regionName\":\"眉山\"},{\"code\":\"511500\",\"regionName\":\"宜宾\"},{\"code\":\"511600\",\"regionName\":\"广安\"},{\"code\":\"511700\",\"regionName\":\"达州\"},{\"code\":\"511800\",\"regionName\":\"雅安\"},{\"code\":\"511900\",\"regionName\":\"巴中\"},{\"code\":\"512000\",\"regionName\":\"资阳\"},{\"code\":\"513200\",\"regionName\":\"阿坝藏族羌族自治州\"},{\"code\":\"513300\",\"regionName\":\"甘孜藏族自治州\"},{\"code\":\"513400\",\"regionName\":\"凉山彝族自治州\"}]}]}]');
insert into sp_sale_region (json) values('[{\"code\":\"50\",\"regionName\":\"西南地区\",\"regions\":[{\"code\":\"500000\",\"regionName\":\"重庆\",\"regions\":[{\"code\":\"500100\",\"regionName\":\"重庆\"},{\"code\":\"500200\",\"regionName\":\"重庆郊县\"}]},{\"code\":\"510000\",\"regionName\":\"四川\",\"regions\":[{\"code\":\"510100\",\"regionName\":\"成都\"},{\"code\":\"510300\",\"regionName\":\"自贡\"},{\"code\":\"510400\",\"regionName\":\"攀枝花\"},{\"code\":\"510500\",\"regionName\":\"泸州\"},{\"code\":\"510600\",\"regionName\":\"德阳\"},{\"code\":\"510700\",\"regionName\":\"绵阳\"},{\"code\":\"510800\",\"regionName\":\"广元\"},{\"code\":\"510900\",\"regionName\":\"遂宁\"},{\"code\":\"511000\",\"regionName\":\"内江\"},{\"code\":\"511100\",\"regionName\":\"乐山\"},{\"code\":\"511300\",\"regionName\":\"南充\"},{\"code\":\"511400\",\"regionName\":\"眉山\"},{\"code\":\"511500\",\"regionName\":\"宜宾\"},{\"code\":\"511600\",\"regionName\":\"广安\"},{\"code\":\"511700\",\"regionName\":\"达州\"},{\"code\":\"511800\",\"regionName\":\"雅安\"},{\"code\":\"511900\",\"regionName\":\"巴中\"},{\"code\":\"512000\",\"regionName\":\"资阳\"},{\"code\":\"513200\",\"regionName\":\"阿坝藏族羌族自治州\"},{\"code\":\"513300\",\"regionName\":\"甘孜藏族自治州\"},{\"code\":\"513400\",\"regionName\":\"凉山彝族自治州\"}]}]}]');
insert into sp_sale_region (json) values('[{\"code\":\"50\",\"regionName\":\"西南地区\",\"regions\":[{\"code\":\"500000\",\"regionName\":\"重庆\",\"regions\":[{\"code\":\"500100\",\"regionName\":\"重庆\"},{\"code\":\"500200\",\"regionName\":\"重庆郊县\"}]},{\"code\":\"510000\",\"regionName\":\"四川\",\"regions\":[{\"code\":\"510100\",\"regionName\":\"成都\"},{\"code\":\"510300\",\"regionName\":\"自贡\"},{\"code\":\"510400\",\"regionName\":\"攀枝花\"},{\"code\":\"510500\",\"regionName\":\"泸州\"},{\"code\":\"510600\",\"regionName\":\"德阳\"},{\"code\":\"510700\",\"regionName\":\"绵阳\"},{\"code\":\"510800\",\"regionName\":\"广元\"},{\"code\":\"510900\",\"regionName\":\"遂宁\"},{\"code\":\"511000\",\"regionName\":\"内江\"},{\"code\":\"511100\",\"regionName\":\"乐山\"},{\"code\":\"511300\",\"regionName\":\"南充\"},{\"code\":\"511400\",\"regionName\":\"眉山\"},{\"code\":\"511500\",\"regionName\":\"宜宾\"},{\"code\":\"511600\",\"regionName\":\"广安\"},{\"code\":\"511700\",\"regionName\":\"达州\"},{\"code\":\"511800\",\"regionName\":\"雅安\"},{\"code\":\"511900\",\"regionName\":\"巴中\"},{\"code\":\"512000\",\"regionName\":\"资阳\"},{\"code\":\"513200\",\"regionName\":\"阿坝藏族羌族自治州\"},{\"code\":\"513300\",\"regionName\":\"甘孜藏族自治州\"},{\"code\":\"513400\",\"regionName\":\"凉山彝族自治州\"}]}]}]');

ALTER TABLE sp_bank_info AUTO_INCREMENT=1;
INSERT INTO sp_bank_info(account_name,open_bank,bank_account,bank_loc_province_code,bank_loc_province,bank_loc_city_code,bank_loc_city,bank_loc_county_code,bank_loc_county,invoice_head,STATUS) VALUES('康定民族贸易有限责任公司','中国农业银行股份有限公司康定县支行','5751 0104 0005 978   ','510000','四川','513300','甘孜','513301','康定','康定民族贸易有限责任公司','0');
INSERT INTO sp_bank_info(account_name,open_bank,bank_account,bank_loc_province_code,bank_loc_province,bank_loc_city_code,bank_loc_city,bank_loc_county_code,bank_loc_county,invoice_head,STATUS) VALUES('成都蒙利天和商贸有限公司','中国银行股份有限公司成都晋阳支行','1171 9186 9228','510000','四川','510100','成都','510107','武侯区','成都蒙利天和商贸有限公司','0');
INSERT INTO sp_bank_info(account_name,open_bank,bank_account,bank_loc_province_code,bank_loc_province,bank_loc_city_code,bank_loc_city,bank_loc_county_code,bank_loc_county,invoice_head,STATUS) VALUES('成都诚心诚意商贸有限公司','成都农商银行桂溪支行','0212 0400 0120 0100 14065','510000','四川','510100','成都','','高新区','成都诚心诚意商贸有限公司','0');
INSERT INTO sp_bank_info(account_name,open_bank,bank_account,bank_loc_province_code,bank_loc_province,bank_loc_city_code,bank_loc_city,bank_loc_county_code,bank_loc_county,invoice_head,STATUS) VALUES('成都择好商贸有限公司','中国建设银行股份有限公司成都第二支行','5105 0142 6208 0000 0360','510000','四川','510100','成都','','高新区','成都择好商贸有限公司','0');
INSERT INTO sp_bank_info(account_name,open_bank,bank_account,bank_loc_province_code,bank_loc_province,bank_loc_city_code,bank_loc_city,bank_loc_county_code,bank_loc_county,invoice_head,STATUS) VALUES('四川康昊食品贸易有限公司','中国工商银行股份有限公司成都四川大学支行','4402 0712 0900 0008 732','510000','四川','510100','成都','510106','金牛区','四川康昊食品贸易有限公司','0');
INSERT INTO sp_bank_info(account_name,open_bank,bank_account,bank_loc_province_code,bank_loc_province,bank_loc_city_code,bank_loc_city,bank_loc_county_code,bank_loc_county,invoice_head,STATUS) VALUES('成都景中商贸有限公司','中国工商银行股份有限公司成都青龙支行东电集团分理处','4402 2380 0900 0095 630','510000','四川','510100','成都','510106','金牛区','成都景中商贸有限公司','0');
INSERT INTO sp_bank_info(account_name,open_bank,bank_account,bank_loc_province_code,bank_loc_province,bank_loc_city_code,bank_loc_city,bank_loc_county_code,bank_loc_county,invoice_head,STATUS) VALUES('日加满饮品（上海）有限公司','中国农业银行股份有限公司上海封浜支行','0382 8808 0150 07137','310000','上海','310100','上海','310114','嘉定区','日加满饮品（上海）有限公司','0');
INSERT INTO sp_bank_info(account_name,open_bank,bank_account,bank_loc_province_code,bank_loc_province,bank_loc_city_code,bank_loc_city,bank_loc_county_code,bank_loc_county,invoice_head,STATUS) VALUES('四川福仁缘农业开发有限公司','中国农业发展银行仁寿县支行','2035 1142 1001 0000 0165 461','510000','四川','511400','眉山','511421','仁寿','四川福仁缘农业开发有限公司','0');
INSERT INTO sp_bank_info(account_name,open_bank,bank_account,bank_loc_province_code,bank_loc_province,bank_loc_city_code,bank_loc_city,bank_loc_county_code,bank_loc_county,invoice_head,STATUS) VALUES('四川白家食品产业有限公司','中国农业银行股份有限公司成都经济技术开发区支行','22834101040028900','510000','四川省','510100','成都市','510112','龙泉驿区','四川白家食品产业有限公司','0');
INSERT INTO sp_bank_info(account_name,open_bank,bank_account,bank_loc_province_code,bank_loc_province,bank_loc_city_code,bank_loc_city,bank_loc_county_code,bank_loc_county,invoice_head,STATUS) VALUES('成都乐镒商贸有限公司','招商银行股份有限公司成都益州大道支行','128904448610702','510000','四川省','510100','成都市','510107','武侯区','成都乐镒商贸有限公司','0');
INSERT INTO sp_bank_info(account_name,open_bank,bank_account,bank_loc_province_code,bank_loc_province,bank_loc_city_code,bank_loc_city,bank_loc_county_code,bank_loc_county,invoice_head,STATUS) VALUES('双流桂华鑫商贸有限公司','中国建设银行股份有限公司双流分行','51001527908051526206','510000','四川省','510100','成都市','510116','双流区','双流桂华鑫商贸有限公司','0');
INSERT INTO sp_bank_info(account_name,open_bank,bank_account,bank_loc_province_code,bank_loc_province,bank_loc_city_code,bank_loc_city,bank_loc_county_code,bank_loc_county,invoice_head,STATUS) VALUES('成都市凌宇食品有限公司','中国银行股份有限公司成都机投支行','125267838308','510000','四川省','510100','成都市','510107','武侯区','成都市凌宇食品有限公司','0');
INSERT INTO sp_bank_info(account_name,open_bank,bank_account,bank_loc_province_code,bank_loc_province,bank_loc_city_code,bank_loc_city,bank_loc_county_code,bank_loc_county,invoice_head,STATUS) VALUES('成都张飞调味品有限公司','中国农业银行股份有限公司成都杨柳店分理处','836001040007534','510000','四川省','510100','成都市','510108','成华区','成都张飞调味品有限公司','0');
INSERT INTO sp_bank_info(account_name,open_bank,bank_account,bank_loc_province_code,bank_loc_province,bank_loc_city_code,bank_loc_city,bank_loc_county_code,bank_loc_county,invoice_head,STATUS) VALUES('成都辰龙商贸有限公司','中国建设银行股份有限公司成都航空路支行','51001895236052503635','510000','四川省','510100','成都市','510107','武侯区','成都辰龙商贸有限公司','0');
INSERT INTO sp_bank_info(account_name,open_bank,bank_account,bank_loc_province_code,bank_loc_province,bank_loc_city_code,bank_loc_city,bank_loc_county_code,bank_loc_county,invoice_head,STATUS) VALUES('四川省天渠盐化有限公司广东分公司','中国农业银行股分有限公司深圳珠江广场支行','41024600040001300','440000','广东省','440300','深圳市','440307','龙岗区','四川省天渠盐化有限公司广东分公司','0');
INSERT INTO sp_bank_info(account_name,open_bank,bank_account,bank_loc_province_code,bank_loc_province,bank_loc_city_code,bank_loc_city,bank_loc_county_code,bank_loc_county,invoice_head,STATUS) VALUES('宜宾丰源盐业有限公司','中国工商银行股份有限公司长宁支行','2314513109022106948','510000','四川省','511500','宜宾市','511524','长宁县','宜宾丰源盐业有限公司','0');
INSERT INTO sp_bank_info(account_name,open_bank,bank_account,bank_loc_province_code,bank_loc_province,bank_loc_city_code,bank_loc_city,bank_loc_county_code,bank_loc_county,invoice_head,STATUS) VALUES('四川瑛祥商贸有限公司','中国工商银行股份有限公司成都府河音乐花园支行','4402939109100031776','510000','四川省','510100','成都市','','天府新区','四川瑛祥商贸有限公司','0');
INSERT INTO sp_bank_info(account_name,open_bank,bank_account,bank_loc_province_code,bank_loc_province,bank_loc_city_code,bank_loc_city,bank_loc_county_code,bank_loc_county,invoice_head,STATUS) VALUES('成都清润贸易发展有限公司','中国银行','121208790928','510000','四川省','510100','成都市','510107','武侯区','成都清润贸易发展有限公司','0');
INSERT INTO sp_bank_info(account_name,open_bank,bank_account,bank_loc_province_code,bank_loc_province,bank_loc_city_code,bank_loc_city,bank_loc_county_code,bank_loc_county,invoice_head,STATUS) VALUES('成都宸晨丰汇商贸有限公司 ','建设银行','51001556808051517403','510000','四川省','510100','成都市','510112','龙泉驿区','成都宸晨丰汇商贸有限公司 ','0');
INSERT INTO sp_bank_info(account_name,open_bank,bank_account,bank_loc_province_code,bank_loc_province,bank_loc_city_code,bank_loc_city,bank_loc_county_code,bank_loc_county,invoice_head,STATUS) VALUES('桂林智强食品开发有限公司 ','工商银行','2103236109245093874','450000','广西省','450300','桂林市','450331','荔浦县','桂林智强食品开发有限公司 ','0');
INSERT INTO sp_bank_info(account_name,open_bank,bank_account,bank_loc_province_code,bank_loc_province,bank_loc_city_code,bank_loc_city,bank_loc_county_code,bank_loc_county,invoice_head,STATUS) VALUES('成都市富亿通贸易有限公司','中国银行','130658748911','510000','四川省','510100','成都市','','双流区','成都市富亿通贸易有限公司','0');
INSERT INTO sp_bank_info(account_name,open_bank,bank_account,bank_loc_province_code,bank_loc_province,bank_loc_city_code,bank_loc_city,bank_loc_county_code,bank_loc_county,invoice_head,STATUS) VALUES('四川鑫恒创贸易有限公司','建设银行','51050148850800000812','510000','四川省','510100','成都市','510108','青羊区','四川鑫恒创贸易有限公司','0');
INSERT INTO sp_bank_info(account_name,open_bank,bank_account,bank_loc_province_code,bank_loc_province,bank_loc_city_code,bank_loc_city,bank_loc_county_code,bank_loc_county,invoice_head,STATUS) VALUES('成都长发商贸有限责任公司','农业银行','808001040000822','510000','四川省','510100','成都市','510107','武侯区','成都长发商贸有限责任公司','0');
INSERT INTO sp_bank_info(account_name,open_bank,bank_account,bank_loc_province_code,bank_loc_province,bank_loc_city_code,bank_loc_city,bank_loc_county_code,bank_loc_county,invoice_head,STATUS) VALUES('成都天旺商贸有限公司','农村商业银行','021104000120010012590','510000','四川省','510100','成都市','510112','成华区','成都天旺商贸有限公司','0');
INSERT INTO sp_bank_info(account_name,open_bank,bank_account,bank_loc_province_code,bank_loc_province,bank_loc_city_code,bank_loc_city,bank_loc_county_code,bank_loc_county,invoice_head,STATUS) VALUES('成都市永联兴贸易有限公司','中国银行','117155053203','510000','四川省','510100','成都市','510107','锦江区','成都市永联兴贸易有限公司','0');
INSERT INTO sp_bank_info(account_name,open_bank,bank_account,bank_loc_province_code,bank_loc_province,bank_loc_city_code,bank_loc_city,bank_loc_county_code,bank_loc_county,invoice_head,STATUS) VALUES('成都富佑嘉商贸有限公司','农业银行','22836801040002686','510000','四川省','510100','成都市','510116','双流区','成都富佑嘉商贸有限公司','0');
INSERT INTO sp_bank_info(account_name,open_bank,bank_account,bank_loc_province_code,bank_loc_province,bank_loc_city_code,bank_loc_city,bank_loc_county_code,bank_loc_county,invoice_head,STATUS) VALUES('成都凯斯原商贸有限公司','工商银行','4402298009100066884','510000','四川省','510100','成都市','510104','武侯区','成都凯斯原商贸有限公司','0');
INSERT INTO sp_bank_info(account_name,open_bank,bank_account,bank_loc_province_code,bank_loc_province,bank_loc_city_code,bank_loc_city,bank_loc_county_code,bank_loc_county,invoice_head,STATUS) VALUES('成都铭昊商贸有限公司','农业银行','801801040003180','510000','四川省','510100','成都市','','锦江区','成都铭昊商贸有限公司','0');
INSERT INTO sp_bank_info(account_name,open_bank,bank_account,bank_loc_province_code,bank_loc_province,bank_loc_city_code,bank_loc_city,bank_loc_county_code,bank_loc_county,invoice_head,STATUS) VALUES('成都你好植物科技有限公司','招商银行','128905605910111','510000','四川省','510100','成都市','','金牛区','成都你好植物科技有限公司','0');
INSERT INTO sp_bank_info(account_name,open_bank,bank_account,bank_loc_province_code,bank_loc_province,bank_loc_city_code,bank_loc_city,bank_loc_county_code,bank_loc_county,invoice_head,STATUS) VALUES('成都兆廷商贸有限公司','攀枝花市商业银行','78220100015945011','510000','四川省','510100','成都市','510116','成华区','成都兆廷商贸有限公司','0');
INSERT INTO sp_bank_info(account_name,open_bank,bank_account,bank_loc_province_code,bank_loc_province,bank_loc_city_code,bank_loc_city,bank_loc_county_code,bank_loc_county,invoice_head,STATUS) VALUES('成都蜀特商贸有限公司','工商银行','4402928009022560471','510000','四川省','510100','成都市','510112','锦江区','成都蜀特商贸有限公司','0');
INSERT INTO sp_bank_info(account_name,open_bank,bank_account,bank_loc_province_code,bank_loc_province,bank_loc_city_code,bank_loc_city,bank_loc_county_code,bank_loc_county,invoice_head,STATUS) VALUES('成都宏旺达贸易有限公司','交通银行','511610015018001526975','510000','四川省','510100','成都市','510107','高新区','成都宏旺达贸易有限公司','0');
INSERT INTO sp_bank_info(account_name,open_bank,bank_account,bank_loc_province_code,bank_loc_province,bank_loc_city_code,bank_loc_city,bank_loc_county_code,bank_loc_county,invoice_head,STATUS) VALUES('成都友程贸易有限公司','建设银行','51001908608059048898','510000','四川省','510100','成都市','510106','金牛区','成都友程贸易有限公司','0');
INSERT INTO sp_bank_info(account_name,open_bank,bank_account,bank_loc_province_code,bank_loc_province,bank_loc_city_code,bank_loc_city,bank_loc_county_code,bank_loc_county,invoice_head,STATUS) VALUES('成都集佰汇科技有限公司','工商银行','4402214009100071601','510000','四川省','510100','成都市','510108','成华区','成都集佰汇科技有限公司','0');
INSERT INTO sp_bank_info(account_name,open_bank,bank_account,bank_loc_province_code,bank_loc_province,bank_loc_city_code,bank_loc_city,bank_loc_county_code,bank_loc_county,invoice_head,STATUS) VALUES('成都彼岸商贸有限公司','成都银行','29062003214636900012','510000','四川省','510100','成都市','510106','高新区','成都彼岸商贸有限公司','0');
INSERT INTO sp_bank_info(account_name,open_bank,bank_account,bank_loc_province_code,bank_loc_province,bank_loc_city_code,bank_loc_city,bank_loc_county_code,bank_loc_county,invoice_head,STATUS) VALUES('成都瑞琪达贸易有限公司','工商银行','4402209509100036440','510000','四川省','510100','成都市','510104','高新区','成都瑞琪达贸易有限公司','0');
INSERT INTO sp_bank_info(account_name,open_bank,bank_account,bank_loc_province_code,bank_loc_province,bank_loc_city_code,bank_loc_city,bank_loc_county_code,bank_loc_county,invoice_head,STATUS) VALUES('四川沃美进出口贸易有限公司','民生银行','150633659','510000','四川省','510100','成都市','510106','金牛区','四川沃美进出口贸易有限公司','0');
INSERT INTO sp_bank_info(account_name,open_bank,bank_account,bank_loc_province_code,bank_loc_province,bank_loc_city_code,bank_loc_city,bank_loc_county_code,bank_loc_county,invoice_head,STATUS) VALUES('成都小超邦科技有限公司','','','510000','四川省','510100','成都市','510107','武侯区','成都小超邦科技有限公司','0');
INSERT INTO sp_bank_info(account_name,open_bank,bank_account,bank_loc_province_code,bank_loc_province,bank_loc_city_code,bank_loc_city,bank_loc_county_code,bank_loc_county,invoice_head,STATUS) VALUES('成都金福洋贸易有限公司','工商银行','4402203009024578081','510000','四川省','510100','成都市','510106','成华区','成都金福洋贸易有限公司','0');
INSERT INTO sp_bank_info(account_name,open_bank,bank_account,bank_loc_province_code,bank_loc_province,bank_loc_city_code,bank_loc_city,bank_loc_county_code,bank_loc_county,invoice_head,STATUS) VALUES('成都百分百佳商贸有限公司 ','中国银行','119885404611','510000','四川省','510100','成都市','510108','成华区','成都百分百佳商贸有限公司 ','0');
INSERT INTO sp_bank_info(account_name,open_bank,bank_account,bank_loc_province_code,bank_loc_province,bank_loc_city_code,bank_loc_city,bank_loc_county_code,bank_loc_county,invoice_head,STATUS) VALUES('成都友程贸易有限公司','建设银行','51001908608059048898','510000','四川省','510100','成都市','510106','成华区','成都友程贸易有限公司','0');
INSERT INTO sp_bank_info(account_name,open_bank,bank_account,bank_loc_province_code,bank_loc_province,bank_loc_city_code,bank_loc_city,bank_loc_county_code,bank_loc_county,invoice_head,STATUS) VALUES('成都市鑫鑫越洋商贸有限公司','','','510000','四川省','510100','成都市','510105','','成都市鑫鑫越洋商贸有限公司','0');



ALTER TABLE sp_operating_taxation_info AUTO_INCREMENT=1;
INSERT INTO sp_operating_taxation_info (company_loc_province_code, company_loc_province, company_loc_city_code, company_loc_city, company_loc_county_code, company_loc_county, company_detail_address, STATUS) VALUES('510000','四川','513300','甘孜','513301','康定','四川省甘孜州康定县东大街69号','0');
INSERT INTO sp_operating_taxation_info (company_loc_province_code, company_loc_province, company_loc_city_code, company_loc_city, company_loc_county_code, company_loc_county, company_detail_address, STATUS) VALUES('510000','四川','510100','成都','510107','武侯区','成都市武侯区万盛路6号附1号','0');
INSERT INTO sp_operating_taxation_info (company_loc_province_code, company_loc_province, company_loc_city_code, company_loc_city, company_loc_county_code, company_loc_county, company_detail_address, STATUS) VALUES('510000','四川','510100','成都','','高新区','成都市高新区肖家河东一巷6号','0');
INSERT INTO sp_operating_taxation_info (company_loc_province_code, company_loc_province, company_loc_city_code, company_loc_city, company_loc_county_code, company_loc_county, company_detail_address, STATUS) VALUES('510000','四川','510100','成都','','高新区','成都市高新区锦城大道666号4栋19层16号','0');
INSERT INTO sp_operating_taxation_info (company_loc_province_code, company_loc_province, company_loc_city_code, company_loc_city, company_loc_county_code, company_loc_county, company_detail_address, STATUS) VALUES('510000','四川','510100','成都','510106','金牛区','成都市金牛区一环路北二段3号','0');
INSERT INTO sp_operating_taxation_info (company_loc_province_code, company_loc_province, company_loc_city_code, company_loc_city, company_loc_county_code, company_loc_county, company_detail_address, STATUS) VALUES('510000','四川','510100','成都','510106','金牛区','成都市金牛区蜀兴西街187号4楼','0');
INSERT INTO sp_operating_taxation_info (company_loc_province_code, company_loc_province, company_loc_city_code, company_loc_city, company_loc_county_code, company_loc_county, company_detail_address, STATUS) VALUES('310000','上海','310100','上海','310114','嘉定区','上海市嘉定区曹安路12号桥金园五路108号','0');
INSERT INTO sp_operating_taxation_info (company_loc_province_code, company_loc_province, company_loc_city_code, company_loc_city, company_loc_county_code, company_loc_county, company_detail_address, STATUS) VALUES('510000','四川','511400','眉山','511421','仁寿','四川省眉山市仁寿县文林镇工业集中区','0');
INSERT INTO sp_operating_taxation_info (company_loc_province_code, company_loc_province, company_loc_city_code, company_loc_city, company_loc_county_code, company_loc_county, company_detail_address, STATUS) VALUES('510000','四川省','510100','成都市','510112','龙泉驿区','白家路9号','0');
INSERT INTO sp_operating_taxation_info (company_loc_province_code, company_loc_province, company_loc_city_code, company_loc_city, company_loc_county_code, company_loc_county, company_detail_address, STATUS) VALUES('510000','四川省','510100','成都市','510107','武侯区','太平园中六路166号','0');
INSERT INTO sp_operating_taxation_info (company_loc_province_code, company_loc_province, company_loc_city_code, company_loc_city, company_loc_county_code, company_loc_county, company_detail_address, STATUS) VALUES('510000','四川省','510100','成都市','510116','双流区','东升街道迎春路一段30号','0');
INSERT INTO sp_operating_taxation_info (company_loc_province_code, company_loc_province, company_loc_city_code, company_loc_city, company_loc_county_code, company_loc_county, company_detail_address, STATUS) VALUES('510000','四川省','510100','成都市','510107','武侯区','晋阳路218号1栋6单元11楼44号','0');
INSERT INTO sp_operating_taxation_info (company_loc_province_code, company_loc_province, company_loc_city_code, company_loc_city, company_loc_county_code, company_loc_county, company_detail_address, STATUS) VALUES('510000','四川省','510100','成都市','510108','成华区','迎晖路81号附3楼318号','0');
INSERT INTO sp_operating_taxation_info (company_loc_province_code, company_loc_province, company_loc_city_code, company_loc_city, company_loc_county_code, company_loc_county, company_detail_address, STATUS) VALUES('510000','四川省','510100','成都市','510107','武侯区','科华中路新3号1幢11层1102号','0');
INSERT INTO sp_operating_taxation_info (company_loc_province_code, company_loc_province, company_loc_city_code, company_loc_city, company_loc_county_code, company_loc_county, company_detail_address, STATUS) VALUES('440000','广东省','440300','深圳市','440307','龙岗区','龙城街道清林路龙城工业园2号南区一楼111号','0');
INSERT INTO sp_operating_taxation_info (company_loc_province_code, company_loc_province, company_loc_city_code, company_loc_city, company_loc_county_code, company_loc_county, company_detail_address, STATUS) VALUES('510000','四川省','511500','宜宾市','511524','长宁县','古河镇红色村','0');
INSERT INTO sp_operating_taxation_info (company_loc_province_code, company_loc_province, company_loc_city_code, company_loc_city, company_loc_county_code, company_loc_county, company_detail_address, STATUS) VALUES('510000','四川省','510100','成都市','','天府新区','华阳街道协和下街218号','0');
INSERT INTO sp_operating_taxation_info (company_loc_province_code, company_loc_province, company_loc_city_code, company_loc_city, company_loc_county_code, company_loc_county, company_detail_address, STATUS) VALUES('510000','四川省','510100','成都市','510107','武侯区','星狮路511号大合仓4楼A区409号','0');
INSERT INTO sp_operating_taxation_info (company_loc_province_code, company_loc_province, company_loc_city_code, company_loc_city, company_loc_county_code, company_loc_county, company_detail_address, STATUS) VALUES('510000','四川省','510100','成都市','510112','龙泉驿区','驿都大道中路341号','0');
INSERT INTO sp_operating_taxation_info (company_loc_province_code, company_loc_province, company_loc_city_code, company_loc_city, company_loc_county_code, company_loc_county, company_detail_address, STATUS) VALUES('510000','四川省','510100','成都市','510107','武侯区','二环科华北路153号棕榈花园瑞景阁16F','0');
INSERT INTO sp_operating_taxation_info (company_loc_province_code, company_loc_province, company_loc_city_code, company_loc_city, company_loc_county_code, company_loc_county, company_detail_address, STATUS) VALUES('510000','四川省','510100','成都市','','高新区','益州大道中段772号复城国际T2-1401','0');
INSERT INTO sp_operating_taxation_info (company_loc_province_code, company_loc_province, company_loc_city_code, company_loc_city, company_loc_county_code, company_loc_county, company_detail_address, STATUS) VALUES('510000','四川省','510100','成都市','510108','成华区','槐树店路40号槐树苑二期长和街宏苑1-4','0');
INSERT INTO sp_operating_taxation_info (company_loc_province_code, company_loc_province, company_loc_city_code, company_loc_city, company_loc_county_code, company_loc_county, company_detail_address, STATUS) VALUES('510000','四川省','510100','成都市','510107','武侯区','益州大道北段388号城市春天8栋1309号','0');
INSERT INTO sp_operating_taxation_info (company_loc_province_code, company_loc_province, company_loc_city_code, company_loc_city, company_loc_county_code, company_loc_county, company_detail_address, STATUS) VALUES('510000','四川省','510100','成都市','510112','龙泉驿区','西河镇阙家村12组54号','0');
INSERT INTO sp_operating_taxation_info (company_loc_province_code, company_loc_province, company_loc_city_code, company_loc_city, company_loc_county_code, company_loc_county, company_detail_address, STATUS) VALUES('510000','四川省','510100','成都市','510107','武侯区','新光路1号观南上域5栋1701号','0');
INSERT INTO sp_operating_taxation_info (company_loc_province_code, company_loc_province, company_loc_city_code, company_loc_city, company_loc_county_code, company_loc_county, company_detail_address, STATUS) VALUES('510000','四川省','510100','成都市','510116','双流区','白家兴华丰市场316-16','0');
INSERT INTO sp_operating_taxation_info (company_loc_province_code, company_loc_province, company_loc_city_code, company_loc_city, company_loc_county_code, company_loc_county, company_detail_address, STATUS) VALUES('510000','四川省','510100','成都市','510104','锦江区','锦华万达3单元1604','0');
INSERT INTO sp_operating_taxation_info (company_loc_province_code, company_loc_province, company_loc_city_code, company_loc_city, company_loc_county_code, company_loc_county, company_detail_address, STATUS) VALUES('510000','四川省','510100','成都市','','高新区','盛和一路88号康普雷斯A座1709','0');
INSERT INTO sp_operating_taxation_info (company_loc_province_code, company_loc_province, company_loc_city_code, company_loc_city, company_loc_county_code, company_loc_county, company_detail_address, STATUS) VALUES('510000','四川省','510100','成都市','','高新西区','合作路89号龙湖时代天街19栋1515号','0');
INSERT INTO sp_operating_taxation_info (company_loc_province_code, company_loc_province, company_loc_city_code, company_loc_city, company_loc_county_code, company_loc_county, company_detail_address, STATUS) VALUES('510000','四川省','510100','成都市','510116','双流区','成白路88号华丰食品城202栋5号兆廷食品','0');
INSERT INTO sp_operating_taxation_info (company_loc_province_code, company_loc_province, company_loc_city_code, company_loc_city, company_loc_county_code, company_loc_county, company_detail_address, STATUS) VALUES('510000','四川省','510100','成都市','510112','龙泉驿区','十陵镇来龙村19组362号','0');
INSERT INTO sp_operating_taxation_info (company_loc_province_code, company_loc_province, company_loc_city_code, company_loc_city, company_loc_county_code, company_loc_county, company_detail_address, STATUS) VALUES('510000','四川省','510100','成都市','510107','武侯区','武侯大道双楠段100月光诚品10层1006','0');
INSERT INTO sp_operating_taxation_info (company_loc_province_code, company_loc_province, company_loc_city_code, company_loc_city, company_loc_county_code, company_loc_county, company_detail_address, STATUS) VALUES('510000','四川省','510100','成都市','510106','金牛区','五块石蓉北商贸大道1段2号','0');
INSERT INTO sp_operating_taxation_info (company_loc_province_code, company_loc_province, company_loc_city_code, company_loc_city, company_loc_county_code, company_loc_county, company_detail_address, STATUS) VALUES('510000','四川省','510100','成都市','510108','成华区','二环路东一段29号','0');
INSERT INTO sp_operating_taxation_info (company_loc_province_code, company_loc_province, company_loc_city_code, company_loc_city, company_loc_county_code, company_loc_county, company_detail_address, STATUS) VALUES('510000','四川省','510100','成都市','510106','金牛区','五块石北城盛世9楼','0');
INSERT INTO sp_operating_taxation_info (company_loc_province_code, company_loc_province, company_loc_city_code, company_loc_city, company_loc_county_code, company_loc_county, company_detail_address, STATUS) VALUES('510000','四川省','510100','成都市','510104','锦江区','三圣乡幸福路西段','0');
INSERT INTO sp_operating_taxation_info (company_loc_province_code, company_loc_province, company_loc_city_code, company_loc_city, company_loc_county_code, company_loc_county, company_detail_address, STATUS) VALUES('510000','四川省','510100','成都市','510106','金牛区','人民北路118号','0');
INSERT INTO sp_operating_taxation_info (company_loc_province_code, company_loc_province, company_loc_city_code, company_loc_city, company_loc_county_code, company_loc_county, company_detail_address, STATUS) VALUES('510000','四川省','510100','成都市','510107','武侯区','郭家桥北街11号','0');
INSERT INTO sp_operating_taxation_info (company_loc_province_code, company_loc_province, company_loc_city_code, company_loc_city, company_loc_county_code, company_loc_county, company_detail_address, STATUS) VALUES('510000','四川省','510100','成都市','510106','金牛区','星辉西路9号','0');
INSERT INTO sp_operating_taxation_info (company_loc_province_code, company_loc_province, company_loc_city_code, company_loc_city, company_loc_county_code, company_loc_county, company_detail_address, STATUS) VALUES('510000','四川省','510100','成都市','510108','成华区','成都市成华区天祥街59号-1幢3层27号','0');
INSERT INTO sp_operating_taxation_info (company_loc_province_code, company_loc_province, company_loc_city_code, company_loc_city, company_loc_county_code, company_loc_county, company_detail_address, STATUS) VALUES('510000','四川省','510100','成都市','510106','金牛区','成都金牛区五块石蓉北商贸大道2号1栋601室','0');
INSERT INTO sp_operating_taxation_info (company_loc_province_code, company_loc_province, company_loc_city_code, company_loc_city, company_loc_county_code, company_loc_county, company_detail_address, STATUS) VALUES('510000','四川省','510100','成都市','510105','青羊区','成都市青羊区金盾路52号9层1号','0');


ALTER TABLE sp_license_info AUTO_INCREMENT=1;
INSERT INTO sp_license_info (company_name, regist_licence_number, legal_representative, license_loc_province_code, license_loc_province, license_loc_city_code, license_loc_city, license_loc_county_code, license_loc_county, license_address, establish_date, perpetual_management, registered_capital, business_scope, guarantee_money)  VALUES('成都海王星商贸有限公司','915133212121000897','邓雪凯','510000','四川','513300','甘孜','513301','康定','康定县东大街69号','2002-12-9','1','8000','食品、饮料烟酒','5000');
INSERT INTO sp_license_info (company_name, regist_licence_number, legal_representative, license_loc_province_code, license_loc_province, license_loc_city_code, license_loc_city, license_loc_county_code, license_loc_county, license_address, establish_date, perpetual_management, registered_capital, business_scope, guarantee_money)  VALUES('成都蒙利天和商贸有限公司','91510107MA61U2TD9T','刘永艳','510000','四川','510100','成都','510107','武侯区','成都市武侯区万盛路6号附1号','2006-3-31','1','50','食品、饮料烟酒','5000');
INSERT INTO sp_license_info (company_name, regist_licence_number, legal_representative, license_loc_province_code, license_loc_province, license_loc_city_code, license_loc_city, license_loc_county_code, license_loc_county, license_address, establish_date, perpetual_management, registered_capital, business_scope, guarantee_money)  VALUES('成都诚心诚意商贸有限公司','91510100667584315K','张文全','510000','四川','510100','成都','','高新区','成都市高新区肖家河东一巷6号','2007-11-05','1','50','食品、饮料烟酒','5000');
INSERT INTO sp_license_info (company_name, regist_licence_number, legal_representative, license_loc_province_code, license_loc_province, license_loc_city_code, license_loc_city, license_loc_county_code, license_loc_county, license_address, establish_date, perpetual_management, registered_capital, business_scope, guarantee_money)  VALUES('成都择好商贸有限公司','91510100MA61THH44E','贺开喜','510000','四川','510100','成都','','高新区','成都市高新区锦城大道666号4栋19层16号','2016-02-16','1','50','食品、饮料烟酒','5000');
INSERT INTO sp_license_info (company_name, regist_licence_number, legal_representative, license_loc_province_code, license_loc_province, license_loc_city_code, license_loc_city, license_loc_county_code, license_loc_county, license_address, establish_date, perpetual_management, registered_capital, business_scope, guarantee_money)  VALUES('四川康昊食品贸易有限公司','91510106562044152k','黄传东','510000','四川','510100','成都','510106','金牛区','成都市金牛区一环路北二段3号','2010-10-19','1','50','食品、饮料烟酒','5000');
INSERT INTO sp_license_info (company_name, regist_licence_number, legal_representative, license_loc_province_code, license_loc_province, license_loc_city_code, license_loc_city, license_loc_county_code, license_loc_county, license_address, establish_date, perpetual_management, registered_capital, business_scope, guarantee_money)  VALUES('成都景中商贸有限公司','91510100572261169L','陈锡易','510000','四川','510100','成都','510106','金牛区','成都市金牛区蜀兴西街187号4楼','2011-04-06','1','200','食品、饮料烟酒','10000');
INSERT INTO sp_license_info (company_name, regist_licence_number, legal_representative, license_loc_province_code, license_loc_province, license_loc_city_code, license_loc_city, license_loc_county_code, license_loc_county, license_address, establish_date, perpetual_management, registered_capital, business_scope, guarantee_money)  VALUES('日加满饮品（上海）有限公司','91310000607201386K','荣耀中','310000','上海','310100','上海','310114','嘉定区','上海市嘉定区曹安路12号桥金园五路108号','1993-04-05','1','7005.22','食品、饮料烟酒','30000');
INSERT INTO sp_license_info (company_name, regist_licence_number, legal_representative, license_loc_province_code, license_loc_province, license_loc_city_code, license_loc_city, license_loc_county_code, license_loc_county, license_address, establish_date, perpetual_management, registered_capital, business_scope, guarantee_money)  VALUES('四川福仁缘农业开发有限公司','91511421793950742C','李志高','510000','四川','511400','眉山','511421','仁寿','四川省眉山市仁寿县文林镇工业集中区','2006-08-03','1','7100','食品、饮料烟酒','30000');
INSERT INTO sp_license_info (company_name, regist_licence_number, legal_representative, license_loc_province_code, license_loc_province, license_loc_city_code, license_loc_city, license_loc_county_code, license_loc_county, license_address, establish_date, perpetual_management, registered_capital, business_scope, guarantee_money)  VALUES('四川白家食品产业有限公司','91510112MA62P3CP5B','陈朝晖','510000','四川省','510100','成都市','510112','龙泉驿区','白家路9号','2016-12-28','1','1000','粮油','5000');
INSERT INTO sp_license_info (company_name, regist_licence_number, legal_representative, license_loc_province_code, license_loc_province, license_loc_city_code, license_loc_city, license_loc_county_code, license_loc_county, license_address, establish_date, perpetual_management, registered_capital, business_scope, guarantee_money)  VALUES('成都乐镒商贸有限公司','91510107684562863P','林苏贞','510000','四川省','510100','成都市','510107','武侯区','太平园中六路166号','2009-01-22','1','50','粮油','5000');
INSERT INTO sp_license_info (company_name, regist_licence_number, legal_representative, license_loc_province_code, license_loc_province, license_loc_city_code, license_loc_city, license_loc_county_code, license_loc_county, license_address, establish_date, perpetual_management, registered_capital, business_scope, guarantee_money)  VALUES('双流桂华鑫商贸有限公司','91510122331955610X','叶桂华','510000','四川省','510100','成都市','510116','双流区','东升街道迎春路一段30号','2015-03-17','1','100','粮油','0');
INSERT INTO sp_license_info (company_name, regist_licence_number, legal_representative, license_loc_province_code, license_loc_province, license_loc_city_code, license_loc_city, license_loc_county_code, license_loc_county, license_address, establish_date, perpetual_management, registered_capital, business_scope, guarantee_money)  VALUES('成都市凌宇食品有限公司','91510107590214825P','吴欣燕','510000','四川省','510100','成都市','510107','武侯区','晋阳路218号1栋6单元11楼44号','2012-02-09','1','100','粮油','5000');
INSERT INTO sp_license_info (company_name, regist_licence_number, legal_representative, license_loc_province_code, license_loc_province, license_loc_city_code, license_loc_city, license_loc_county_code, license_loc_county, license_address, establish_date, perpetual_management, registered_capital, business_scope, guarantee_money)  VALUES('成都张飞调味品有限公司','91510108395771415C','陈光伟','510000','四川省','510100','成都市','510108','成华区','迎晖路81号附3楼318号','2014-09-03','1','100','粮油','0');
INSERT INTO sp_license_info (company_name, regist_licence_number, legal_representative, license_loc_province_code, license_loc_province, license_loc_city_code, license_loc_city, license_loc_county_code, license_loc_county, license_address, establish_date, perpetual_management, registered_capital, business_scope, guarantee_money)  VALUES('成都辰龙商贸有限公司','915101075849797338','何磊','510000','四川省','510100','成都市','510107','武侯区','科华中路新3号1幢11层1102号','2011-11-11','1','50','粮油','5000');
INSERT INTO sp_license_info (company_name, regist_licence_number, legal_representative, license_loc_province_code, license_loc_province, license_loc_city_code, license_loc_city, license_loc_county_code, license_loc_county, license_address, establish_date, perpetual_management, registered_capital, business_scope, guarantee_money)  VALUES('四川省天渠盐化有限公司广东分公司','91440300MA5EGH7581','赵希元','440000','广东省','440300','深圳市','440307','龙岗区','龙城街道清林路龙城工业园2号南区一楼111号','2007-04-25','1','0','粮油','5000');
INSERT INTO sp_license_info (company_name, regist_licence_number, legal_representative, license_loc_province_code, license_loc_province, license_loc_city_code, license_loc_city, license_loc_county_code, license_loc_county, license_address, establish_date, perpetual_management, registered_capital, business_scope, guarantee_money)  VALUES('宜宾丰源盐业有限公司','91511524680423786Y','罗云','510000','四川省','511500','宜宾市','511524','长宁县','古河镇红色村','2008-10-17','1','15000','粮油','5000');
INSERT INTO sp_license_info (company_name, regist_licence_number, legal_representative, license_loc_province_code, license_loc_province, license_loc_city_code, license_loc_city, license_loc_county_code, license_loc_county, license_address, establish_date, perpetual_management, registered_capital, business_scope, guarantee_money)  VALUES('四川瑛祥商贸有限公司','91510100394093384W','彭登垚','510000','四川省','510100','成都市','','天府新区','华阳街道协和下街218号','2014-09-25','1','100','粮油','5000');
INSERT INTO sp_license_info (company_name, regist_licence_number, legal_representative, license_loc_province_code, license_loc_province, license_loc_city_code, license_loc_city, license_loc_county_code, license_loc_county, license_address, establish_date, perpetual_management, registered_capital, business_scope, guarantee_money)  VALUES('成都清润贸易发展有限公司','510107000238653',' 池清平 ','510000','四川省','510100','成都市','510107','武侯区','棕南正街2号3单元1楼2号','2006-03-03','1','50','休闲食品','5000');
INSERT INTO sp_license_info (company_name, regist_licence_number, legal_representative, license_loc_province_code, license_loc_province, license_loc_city_code, license_loc_city, license_loc_county_code, license_loc_county, license_address, establish_date, perpetual_management, registered_capital, business_scope, guarantee_money)  VALUES('成都宸晨丰汇商贸有限公司 ','91510112075385902B','张家彬','510000','四川省','510100','成都市','510112','龙泉驿区','龙泉长顺路19号','2003-08-21','1','10','休闲食品','5000');
INSERT INTO sp_license_info (company_name, regist_licence_number, legal_representative, license_loc_province_code, license_loc_province, license_loc_city_code, license_loc_city, license_loc_county_code, license_loc_county, license_address, establish_date, perpetual_management, registered_capital, business_scope, guarantee_money)  VALUES('桂林智强食品开发有限公司 ','91450331708694482P','吴志超','450000','广西省','450300','桂林市','450331','荔浦县','荔城环东路45号','1996-05-05','1','128','休闲食品','5000');
INSERT INTO sp_license_info (company_name, regist_licence_number, legal_representative, license_loc_province_code, license_loc_province, license_loc_city_code, license_loc_city, license_loc_county_code, license_loc_county, license_address, establish_date, perpetual_management, registered_capital, business_scope, guarantee_money)  VALUES('成都市富亿通贸易有限公司','91510100681812820K   ','  唐金凤  ','510000','四川省','510100','成都市','','双流区','天府大道北段1700号7栋1单元16层1623号 ','2008-11-21','1','50','休闲食品','5000');
INSERT INTO sp_license_info (company_name, regist_licence_number, legal_representative, license_loc_province_code, license_loc_province, license_loc_city_code, license_loc_city, license_loc_county_code, license_loc_county, license_address, establish_date, perpetual_management, registered_capital, business_scope, guarantee_money)  VALUES('四川鑫恒创贸易有限公司','91510107MA61WHP76E','况燕','510000','四川省','510100','成都市','510108','武侯区','董家湾北街9号附8号','2016-06-30','1','200','休闲食品','5000');
INSERT INTO sp_license_info (company_name, regist_licence_number, legal_representative, license_loc_province_code, license_loc_province, license_loc_city_code, license_loc_city, license_loc_county_code, license_loc_county, license_address, establish_date, perpetual_management, registered_capital, business_scope, guarantee_money)  VALUES('成都长发商贸有限责任公司','91510107716042345C','彭国均','510000','四川省','510100','成都市','510107','武侯区','新光路7号风华苑A座11楼C','1999-05-17','1','50','休闲食品','5000');
INSERT INTO sp_license_info (company_name, regist_licence_number, legal_representative, license_loc_province_code, license_loc_province, license_loc_city_code, license_loc_city, license_loc_county_code, license_loc_county, license_address, establish_date, perpetual_management, registered_capital, business_scope, guarantee_money)  VALUES('成都天旺商贸有限公司','91510108567180794G ','晏焱','510000','四川省','510100','成都市','510112','成华区','建设北路三段88号麦理基大厦714房','2011-01-16','1','50','休闲食品','5000');
INSERT INTO sp_license_info (company_name, regist_licence_number, legal_representative, license_loc_province_code, license_loc_province, license_loc_city_code, license_loc_city, license_loc_county_code, license_loc_county, license_address, establish_date, perpetual_management, registered_capital, business_scope, guarantee_money)  VALUES('成都市永联兴贸易有限公司','915101002019693016','白全美','510000','四川省','510100','成都市','510107','锦江区','总府街15号王府井百货商品房B座十一层','1996-01-05','1','150','休闲食品','5000');
INSERT INTO sp_license_info (company_name, regist_licence_number, legal_representative, license_loc_province_code, license_loc_province, license_loc_city_code, license_loc_city, license_loc_county_code, license_loc_county, license_address, establish_date, perpetual_management, registered_capital, business_scope, guarantee_money)  VALUES('成都富佑嘉商贸有限公司','91510122MA62QGKU8M','程莲','510000','四川省','510100','成都市','510116','双流区','西航港街道成白路88号47楼1层16号','2017-02-20','1','100','休闲食品','5000');
INSERT INTO sp_license_info (company_name, regist_licence_number, legal_representative, license_loc_province_code, license_loc_province, license_loc_city_code, license_loc_city, license_loc_county_code, license_loc_county, license_address, establish_date, perpetual_management, registered_capital, business_scope, guarantee_money)  VALUES('成都凯斯原商贸有限公司','9151010058759183D','岳渤 ','510000','四川省','510100','成都市','510104','高新区','濯锦北路124号1层','2012-01-12','1','200','休闲食品','5000');
INSERT INTO sp_license_info (company_name, regist_licence_number, legal_representative, license_loc_province_code, license_loc_province, license_loc_city_code, license_loc_city, license_loc_county_code, license_loc_county, license_address, establish_date, perpetual_management, registered_capital, business_scope, guarantee_money)  VALUES('成都铭昊商贸有限公司','9151010767715057x8','谭子良','510000','四川省','510100','成都市','','武侯区','三环路西一段外出四川西南食品城33幢7号','2008-06-23','1','100','休闲食品','5000');
INSERT INTO sp_license_info (company_name, regist_licence_number, legal_representative, license_loc_province_code, license_loc_province, license_loc_city_code, license_loc_city, license_loc_county_code, license_loc_county, license_address, establish_date, perpetual_management, registered_capital, business_scope, guarantee_money)  VALUES('成都你好植物科技有限公司','91510106064327459U','张小伟','510000','四川省','510100','成都市','','金牛区','黄忠街8号3楼11号','2013-04-08','1','360.82','休闲食品','5000');
INSERT INTO sp_license_info (company_name, regist_licence_number, legal_representative, license_loc_province_code, license_loc_province, license_loc_city_code, license_loc_city, license_loc_county_code, license_loc_county, license_address, establish_date, perpetual_management, registered_capital, business_scope, guarantee_money)  VALUES('成都兆廷商贸有限公司','91510108MA61RR4B5L','冷书云','510000','四川省','510100','成都市','510116','成华区','建设北路三段1号2幢1-2层15号','2015-12-02','1','100','休闲食品','5000');
INSERT INTO sp_license_info (company_name, regist_licence_number, legal_representative, license_loc_province_code, license_loc_province, license_loc_city_code, license_loc_city, license_loc_county_code, license_loc_county, license_address, establish_date, perpetual_management, registered_capital, business_scope, guarantee_money)  VALUES('成都蜀特商贸有限公司','915101085535676725','彭海东','510000','四川省','510100','成都市','510112','成华区','建材路66号1栋2楼','2010-04-15','1','50','休闲食品','5000');
INSERT INTO sp_license_info (company_name, regist_licence_number, legal_representative, license_loc_province_code, license_loc_province, license_loc_city_code, license_loc_city, license_loc_county_code, license_loc_county, license_address, establish_date, perpetual_management, registered_capital, business_scope, guarantee_money)  VALUES('成都宏旺达贸易有限公司','915101007497326334','孙继红','510000','四川省','510100','成都市','510107','高新区','天顺路291号1层','2003-06-27','1','50','休闲食品','5000');
INSERT INTO sp_license_info (company_name, regist_licence_number, legal_representative, license_loc_province_code, license_loc_province, license_loc_city_code, license_loc_city, license_loc_county_code, license_loc_county, license_address, establish_date, perpetual_management, registered_capital, business_scope, guarantee_money)  VALUES('成都友程贸易有限公司','91510106052503398H','曾友全','510000','四川省','510100','成都市','510106','金牛区','五块石蓉北商贸大道1段2号','2012-08-10','1','100','针纺服饰','3000');
INSERT INTO sp_license_info (company_name, regist_licence_number, legal_representative, license_loc_province_code, license_loc_province, license_loc_city_code, license_loc_city, license_loc_county_code, license_loc_county, license_address, establish_date, perpetual_management, registered_capital, business_scope, guarantee_money)  VALUES('成都集佰汇科技有限公司','91510108597283145T','鲜洪','510000','四川省','510100','成都市','510108','成华区','二环路东一段29号','2012-06-15','1','100','洗涤日化','5000');
INSERT INTO sp_license_info (company_name, regist_licence_number, legal_representative, license_loc_province_code, license_loc_province, license_loc_city_code, license_loc_city, license_loc_county_code, license_loc_county, license_address, establish_date, perpetual_management, registered_capital, business_scope, guarantee_money)  VALUES('成都彼岸商贸有限公司','915101007686350548','李钢','510000','四川省','510100','成都市','510106','高新区','紫荆南路23号','2004-12-22','1','500','洗涤日化','3000');
INSERT INTO sp_license_info (company_name, regist_licence_number, legal_representative, license_loc_province_code, license_loc_province, license_loc_city_code, license_loc_city, license_loc_county_code, license_loc_county, license_address, establish_date, perpetual_management, registered_capital, business_scope, guarantee_money)  VALUES('成都瑞琪达商贸有限公司','91510100350514415K','邓天建','510000','四川省','510100','成都市','510104','高新区','锦城大道666号','2015-08-31','1','90','洗涤日化','1000');
INSERT INTO sp_license_info (company_name, regist_licence_number, legal_representative, license_loc_province_code, license_loc_province, license_loc_city_code, license_loc_city, license_loc_county_code, license_loc_county, license_address, establish_date, perpetual_management, registered_capital, business_scope, guarantee_money)  VALUES('四川沃美进出口贸易有限公司','91510100MA61WG1K7L','李刚','510000','四川省','510100','成都市','510106','金牛区','人民北路118号','2016-06-28','1','406','洗涤日化','2000');
INSERT INTO sp_license_info (company_name, regist_licence_number, legal_representative, license_loc_province_code, license_loc_province, license_loc_city_code, license_loc_city, license_loc_county_code, license_loc_county, license_address, establish_date, perpetual_management, registered_capital, business_scope, guarantee_money)  VALUES('成都小超邦科技有限公司','91510107MA6DF5697N','向忠林','510000','四川省','510100','成都市','510107','武侯区','郭家桥北街11号','2017-07-28','1','100','洗涤日化','3000');
INSERT INTO sp_license_info (company_name, regist_licence_number, legal_representative, license_loc_province_code, license_loc_province, license_loc_city_code, license_loc_city, license_loc_county_code, license_loc_county, license_address, establish_date, perpetual_management, registered_capital, business_scope, guarantee_money)  VALUES('成都金福洋贸易有限公司','91510108558999079P','杜维','510000','四川省','510100','成都市','510106','成华区','建设北路三段89号','2010-08-23','1','500','洗涤日化','0');
INSERT INTO sp_license_info (company_name, regist_licence_number, legal_representative, license_loc_province_code, license_loc_province, license_loc_city_code, license_loc_city, license_loc_county_code, license_loc_county, license_address, establish_date, perpetual_management, registered_capital, business_scope, guarantee_money)  VALUES('成都百分百佳商贸有限公司 ','','兰燕','510000','四川省','510100','成都市','510108','成华区','成都市成华区天祥街59号-1幢3层27号','2015-02-06','1','30','日杂','3000');
INSERT INTO sp_license_info (company_name, regist_licence_number, legal_representative, license_loc_province_code, license_loc_province, license_loc_city_code, license_loc_city, license_loc_county_code, license_loc_county, license_address, establish_date, perpetual_management, registered_capital, business_scope, guarantee_money)  VALUES('成都友程贸易有限公司','','曾友全','510000','四川省','510100','成都市','510106','金牛区','成都金牛区五块石蓉北商贸大道2号1栋601室','2012-08-10','1','100','日杂','3000');
INSERT INTO sp_license_info (company_name, regist_licence_number, legal_representative, license_loc_province_code, license_loc_province, license_loc_city_code, license_loc_city, license_loc_county_code, license_loc_county, license_address, establish_date, perpetual_management, registered_capital, business_scope, guarantee_money)  VALUES('成都市鑫鑫越洋商贸有限公司','','米成敏','510000','四川省','510100','成都市','510105','青羊区','成都市青羊区金盾路52号9层1号','2017-07-25','1','200','日杂','5000');


insert into supplier_info(id,basic_id,operat_taxat_id,bank_id,license_id,sr_id,status,create_time,modify_time,create_user,modify_user)values('xcsupp001','1','1','1','1','1','0',now(),now(),'admin','admin');
insert into supplier_info(id,basic_id,operat_taxat_id,bank_id,license_id,sr_id,status,create_time,modify_time,create_user,modify_user)values('xcsupp002','2','2','2','2','2','0',now(),now(),'admin','admin');
insert into supplier_info(id,basic_id,operat_taxat_id,bank_id,license_id,sr_id,status,create_time,modify_time,create_user,modify_user)values('xcsupp003','3','3','3','3','3','0',now(),now(),'admin','admin');
insert into supplier_info(id,basic_id,operat_taxat_id,bank_id,license_id,sr_id,status,create_time,modify_time,create_user,modify_user)values('xcsupp004','4','4','4','4','4','0',now(),now(),'admin','admin');
insert into supplier_info(id,basic_id,operat_taxat_id,bank_id,license_id,sr_id,status,create_time,modify_time,create_user,modify_user)values('xcsupp005','5','5','5','5','5','0',now(),now(),'admin','admin');
insert into supplier_info(id,basic_id,operat_taxat_id,bank_id,license_id,sr_id,status,create_time,modify_time,create_user,modify_user)values('xcsupp006','6','6','6','6','6','0',now(),now(),'admin','admin');
insert into supplier_info(id,basic_id,operat_taxat_id,bank_id,license_id,sr_id,status,create_time,modify_time,create_user,modify_user)values('xcsupp007','7','7','7','7','7','0',now(),now(),'admin','admin');
insert into supplier_info(id,basic_id,operat_taxat_id,bank_id,license_id,sr_id,status,create_time,modify_time,create_user,modify_user)values('xcsupp008','8','8','8','8','8','0',now(),now(),'admin','admin');
insert into supplier_info(id,basic_id,operat_taxat_id,bank_id,license_id,sr_id,status,create_time,modify_time,create_user,modify_user)values('xcsupp009','9','9','9','9','9','0',now(),now(),'admin','admin');
insert into supplier_info(id,basic_id,operat_taxat_id,bank_id,license_id,sr_id,status,create_time,modify_time,create_user,modify_user)values('xcsupp010','10','10','10','10','10','0',now(),now(),'admin','admin');
insert into supplier_info(id,basic_id,operat_taxat_id,bank_id,license_id,sr_id,status,create_time,modify_time,create_user,modify_user)values('xcsupp011','11','11','11','11','11','0',now(),now(),'admin','admin');
insert into supplier_info(id,basic_id,operat_taxat_id,bank_id,license_id,sr_id,status,create_time,modify_time,create_user,modify_user)values('xcsupp012','12','12','12','12','12','0',now(),now(),'admin','admin');
insert into supplier_info(id,basic_id,operat_taxat_id,bank_id,license_id,sr_id,status,create_time,modify_time,create_user,modify_user)values('xcsupp013','13','13','13','13','13','0',now(),now(),'admin','admin');
insert into supplier_info(id,basic_id,operat_taxat_id,bank_id,license_id,sr_id,status,create_time,modify_time,create_user,modify_user)values('xcsupp014','14','14','14','14','14','0',now(),now(),'admin','admin');
insert into supplier_info(id,basic_id,operat_taxat_id,bank_id,license_id,sr_id,status,create_time,modify_time,create_user,modify_user)values('xcsupp015','15','15','15','15','15','0',now(),now(),'admin','admin');
insert into supplier_info(id,basic_id,operat_taxat_id,bank_id,license_id,sr_id,status,create_time,modify_time,create_user,modify_user)values('xcsupp016','16','16','16','16','16','0',now(),now(),'admin','admin');
insert into supplier_info(id,basic_id,operat_taxat_id,bank_id,license_id,sr_id,status,create_time,modify_time,create_user,modify_user)values('xcsupp017','17','17','17','17','17','0',now(),now(),'admin','admin');
insert into supplier_info(id,basic_id,operat_taxat_id,bank_id,license_id,sr_id,status,create_time,modify_time,create_user,modify_user)values('xcsupp018','18','18','18','18','18','0',now(),now(),'admin','admin');
insert into supplier_info(id,basic_id,operat_taxat_id,bank_id,license_id,sr_id,status,create_time,modify_time,create_user,modify_user)values('xcsupp019','19','19','19','19','19','0',now(),now(),'admin','admin');
insert into supplier_info(id,basic_id,operat_taxat_id,bank_id,license_id,sr_id,status,create_time,modify_time,create_user,modify_user)values('xcsupp020','20','20','20','20','20','0',now(),now(),'admin','admin');
insert into supplier_info(id,basic_id,operat_taxat_id,bank_id,license_id,sr_id,status,create_time,modify_time,create_user,modify_user)values('xcsupp021','21','21','21','21','21','0',now(),now(),'admin','admin');
insert into supplier_info(id,basic_id,operat_taxat_id,bank_id,license_id,sr_id,status,create_time,modify_time,create_user,modify_user)values('xcsupp022','22','22','22','22','22','0',now(),now(),'admin','admin');
insert into supplier_info(id,basic_id,operat_taxat_id,bank_id,license_id,sr_id,status,create_time,modify_time,create_user,modify_user)values('xcsupp023','23','23','23','23','23','0',now(),now(),'admin','admin');
insert into supplier_info(id,basic_id,operat_taxat_id,bank_id,license_id,sr_id,status,create_time,modify_time,create_user,modify_user)values('xcsupp024','24','24','24','24','24','0',now(),now(),'admin','admin');
insert into supplier_info(id,basic_id,operat_taxat_id,bank_id,license_id,sr_id,status,create_time,modify_time,create_user,modify_user)values('xcsupp025','25','25','25','25','25','0',now(),now(),'admin','admin');
insert into supplier_info(id,basic_id,operat_taxat_id,bank_id,license_id,sr_id,status,create_time,modify_time,create_user,modify_user)values('xcsupp026','26','26','26','26','26','0',now(),now(),'admin','admin');
insert into supplier_info(id,basic_id,operat_taxat_id,bank_id,license_id,sr_id,status,create_time,modify_time,create_user,modify_user)values('xcsupp027','27','27','27','27','27','0',now(),now(),'admin','admin');
insert into supplier_info(id,basic_id,operat_taxat_id,bank_id,license_id,sr_id,status,create_time,modify_time,create_user,modify_user)values('xcsupp028','28','28','28','28','28','0',now(),now(),'admin','admin');
insert into supplier_info(id,basic_id,operat_taxat_id,bank_id,license_id,sr_id,status,create_time,modify_time,create_user,modify_user)values('xcsupp029','29','29','29','29','29','0',now(),now(),'admin','admin');
insert into supplier_info(id,basic_id,operat_taxat_id,bank_id,license_id,sr_id,status,create_time,modify_time,create_user,modify_user)values('xcsupp030','30','30','30','30','30','0',now(),now(),'admin','admin');
insert into supplier_info(id,basic_id,operat_taxat_id,bank_id,license_id,sr_id,status,create_time,modify_time,create_user,modify_user)values('xcsupp031','31','31','31','31','31','0',now(),now(),'admin','admin');
insert into supplier_info(id,basic_id,operat_taxat_id,bank_id,license_id,sr_id,status,create_time,modify_time,create_user,modify_user)values('xcsupp032','32','32','32','32','32','0',now(),now(),'admin','admin');
insert into supplier_info(id,basic_id,operat_taxat_id,bank_id,license_id,sr_id,status,create_time,modify_time,create_user,modify_user)values('xcsupp033','33','33','33','33','33','0',now(),now(),'admin','admin');
insert into supplier_info(id,basic_id,operat_taxat_id,bank_id,license_id,sr_id,status,create_time,modify_time,create_user,modify_user)values('xcsupp034','34','34','34','34','34','0',now(),now(),'admin','admin');
insert into supplier_info(id,basic_id,operat_taxat_id,bank_id,license_id,sr_id,status,create_time,modify_time,create_user,modify_user)values('xcsupp035','35','35','35','35','35','0',now(),now(),'admin','admin');
insert into supplier_info(id,basic_id,operat_taxat_id,bank_id,license_id,sr_id,status,create_time,modify_time,create_user,modify_user)values('xcsupp036','36','36','36','36','36','0',now(),now(),'admin','admin');
insert into supplier_info(id,basic_id,operat_taxat_id,bank_id,license_id,sr_id,status,create_time,modify_time,create_user,modify_user)values('xcsupp037','37','37','37','37','37','0',now(),now(),'admin','admin');
insert into supplier_info(id,basic_id,operat_taxat_id,bank_id,license_id,sr_id,status,create_time,modify_time,create_user,modify_user)values('xcsupp038','38','38','38','38','38','0',now(),now(),'admin','admin');
insert into supplier_info(id,basic_id,operat_taxat_id,bank_id,license_id,sr_id,status,create_time,modify_time,create_user,modify_user)values('xcsupp039','39','39','39','39','39','0',now(),now(),'admin','admin');
insert into supplier_info(id,basic_id,operat_taxat_id,bank_id,license_id,sr_id,status,create_time,modify_time,create_user,modify_user)values('xcsupp040','40','40','40','40','40','0',now(),now(),'admin','admin');
insert into supplier_info(id,basic_id,operat_taxat_id,bank_id,license_id,sr_id,status,create_time,modify_time,create_user,modify_user)values('xcsupp041','41','41','41','41','41','0',now(),now(),'admin','admin');
insert into supplier_info(id,basic_id,operat_taxat_id,bank_id,license_id,sr_id,status,create_time,modify_time,create_user,modify_user)values('xcsupp042','42','42','42','42','42','0',now(),now(),'admin','admin');










ALTER TABLE sp_adr_basic_info AUTO_INCREMENT=1;
INSERT INTO sp_adr_basic_info (provider_no, provider_name, goods_arrival_cycle, grade, opera_status, settlement_period, pay_condition, belong_area, belong_area_name, pay_type, STATUS)  VALUES('1000001','四川-康定民族贸易有限责任公司','7','3','1','0','1','510000','四川','1','0');
INSERT INTO sp_adr_basic_info (provider_no, provider_name, goods_arrival_cycle, grade, opera_status, settlement_period, pay_condition, belong_area, belong_area_name, pay_type, STATUS)  VALUES('1000002','四川-成都蒙利天和商贸有限公司','7','3','1','0','1','510000','四川','1','0');
INSERT INTO sp_adr_basic_info (provider_no, provider_name, goods_arrival_cycle, grade, opera_status, settlement_period, pay_condition, belong_area, belong_area_name, pay_type, STATUS)  VALUES('1000003','四川-成都诚心诚意商贸有限公司','7','3','1','1','0','510000','四川','1','0');
INSERT INTO sp_adr_basic_info (provider_no, provider_name, goods_arrival_cycle, grade, opera_status, settlement_period, pay_condition, belong_area, belong_area_name, pay_type, STATUS)  VALUES('1000004','四川-成都择好商贸有限公司','7','3','1','1','0','510000','四川','1','0');
INSERT INTO sp_adr_basic_info (provider_no, provider_name, goods_arrival_cycle, grade, opera_status, settlement_period, pay_condition, belong_area, belong_area_name, pay_type, STATUS)  VALUES('1000005','四川-四川康昊食品贸易有限公司','7','3','1','0','1','510000','四川','1','0');
INSERT INTO sp_adr_basic_info (provider_no, provider_name, goods_arrival_cycle, grade, opera_status, settlement_period, pay_condition, belong_area, belong_area_name, pay_type, STATUS)  VALUES('1000006','四川-成都景中商贸有限公司','7','3','1','2','0','510000','四川','1','0');
INSERT INTO sp_adr_basic_info (provider_no, provider_name, goods_arrival_cycle, grade, opera_status, settlement_period, pay_condition, belong_area, belong_area_name, pay_type, STATUS)  VALUES('1000007','全国-日加满饮品（上海）有限公司','15','1','1','2','0','510000','全国','1','0');
INSERT INTO sp_adr_basic_info (provider_no, provider_name, goods_arrival_cycle, grade, opera_status, settlement_period, pay_condition, belong_area, belong_area_name, pay_type, STATUS)  VALUES('1000008','全国-四川福仁缘农业开发有限公司','15','1','1','2','0','510000','全国','1','0');
INSERT INTO sp_adr_basic_info (provider_no, provider_name, goods_arrival_cycle, grade, opera_status, settlement_period, pay_condition, belong_area, belong_area_name, pay_type, STATUS)  VALUES('1000009','四川-四川白家食品产业有限公司','7','1','1','0','1','510000','四川','1','0');
INSERT INTO sp_adr_basic_info (provider_no, provider_name, goods_arrival_cycle, grade, opera_status, settlement_period, pay_condition, belong_area, belong_area_name, pay_type, STATUS)  VALUES('1000010','四川-成都乐镒商贸有限公司','7','4','1','0','1','510000','四川','1','0');
INSERT INTO sp_adr_basic_info (provider_no, provider_name, goods_arrival_cycle, grade, opera_status, settlement_period, pay_condition, belong_area, belong_area_name, pay_type, STATUS)  VALUES('1000011','四川-双流桂华鑫商贸有限公司','7','4','1','0','1','510000','四川','1','0');
INSERT INTO sp_adr_basic_info (provider_no, provider_name, goods_arrival_cycle, grade, opera_status, settlement_period, pay_condition, belong_area, belong_area_name, pay_type, STATUS)  VALUES('1000012','四川-成都市凌宇食品有限公司','7','3','1','0','1','510000','四川','1','0');
INSERT INTO sp_adr_basic_info (provider_no, provider_name, goods_arrival_cycle, grade, opera_status, settlement_period, pay_condition, belong_area, belong_area_name, pay_type, STATUS)  VALUES('1000013','四川-成都张飞调味品有限公司','7','1','1','0','1','510000','四川','1','0');
INSERT INTO sp_adr_basic_info (provider_no, provider_name, goods_arrival_cycle, grade, opera_status, settlement_period, pay_condition, belong_area, belong_area_name, pay_type, STATUS)  VALUES('1000014','四川-成都辰龙商贸有限公司','7','3','1','0','1','510000','四川','1','0');
INSERT INTO sp_adr_basic_info (provider_no, provider_name, goods_arrival_cycle, grade, opera_status, settlement_period, pay_condition, belong_area, belong_area_name, pay_type, STATUS)  VALUES('1000015','四川-四川省天渠盐化有限公司广东分公司','7','1','1','2','1','510000','四川','1','0');
INSERT INTO sp_adr_basic_info (provider_no, provider_name, goods_arrival_cycle, grade, opera_status, settlement_period, pay_condition, belong_area, belong_area_name, pay_type, STATUS)  VALUES('1000016','四川-宜宾丰源盐业有限公司','7','1','1','2','1','510000','四川','1','0');
INSERT INTO sp_adr_basic_info (provider_no, provider_name, goods_arrival_cycle, grade, opera_status, settlement_period, pay_condition, belong_area, belong_area_name, pay_type, STATUS)  VALUES('1000017','四川-四川瑛祥商贸有限公司','7','4','1','0','1','510000','四川','1','0');
INSERT INTO sp_adr_basic_info (provider_no, provider_name, goods_arrival_cycle, grade, opera_status, settlement_period, pay_condition, belong_area, belong_area_name, pay_type, STATUS)  VALUES('1000018','四川-成都清润贸易发展有限公司','4','4','1','1','0','510000','四川','1','0');
INSERT INTO sp_adr_basic_info (provider_no, provider_name, goods_arrival_cycle, grade, opera_status, settlement_period, pay_condition, belong_area, belong_area_name, pay_type, STATUS)  VALUES('1000019','四川-成都宸晨丰汇商贸有限公司','4','4','1','1','0','510000','四川','1','0');
INSERT INTO sp_adr_basic_info (provider_no, provider_name, goods_arrival_cycle, grade, opera_status, settlement_period, pay_condition, belong_area, belong_area_name, pay_type, STATUS)  VALUES('1000020','四川-桂林智强食品开发有限公司','4','1','1','2','0','510000','四川','1','0');
INSERT INTO sp_adr_basic_info (provider_no, provider_name, goods_arrival_cycle, grade, opera_status, settlement_period, pay_condition, belong_area, belong_area_name, pay_type, STATUS)  VALUES('1000021','四川-成都市富亿通贸易有限公司','4','1','1','1','0','510000','四川','1','0');
INSERT INTO sp_adr_basic_info (provider_no, provider_name, goods_arrival_cycle, grade, opera_status, settlement_period, pay_condition, belong_area, belong_area_name, pay_type, STATUS)  VALUES('1000022','四川-四川鑫恒创贸易有限公司','4','4','1','1','0','510000','四川','1','0');
INSERT INTO sp_adr_basic_info (provider_no, provider_name, goods_arrival_cycle, grade, opera_status, settlement_period, pay_condition, belong_area, belong_area_name, pay_type, STATUS)  VALUES('1000023','四川-成都长发商贸有限责任公司','4','4','1','1','0','510000','四川','1','0');
INSERT INTO sp_adr_basic_info (provider_no, provider_name, goods_arrival_cycle, grade, opera_status, settlement_period, pay_condition, belong_area, belong_area_name, pay_type, STATUS)  VALUES('1000024','四川-成都天旺商贸有限公司','4','3','1','1','0','510000','四川','1','0');
INSERT INTO sp_adr_basic_info (provider_no, provider_name, goods_arrival_cycle, grade, opera_status, settlement_period, pay_condition, belong_area, belong_area_name, pay_type, STATUS)  VALUES('1000025','四川-成都市永联兴贸易有限公司','4','4','1','1','0','510000','四川','1','0');
INSERT INTO sp_adr_basic_info (provider_no, provider_name, goods_arrival_cycle, grade, opera_status, settlement_period, pay_condition, belong_area, belong_area_name, pay_type, STATUS)  VALUES('1000026','四川-成都富佑嘉商贸有限公司','4','4','1','1','0','510000','四川','1','0');
INSERT INTO sp_adr_basic_info (provider_no, provider_name, goods_arrival_cycle, grade, opera_status, settlement_period, pay_condition, belong_area, belong_area_name, pay_type, STATUS)  VALUES('1000027','四川-成都凯斯原商贸有限公司','4','4','1','0','1','510000','四川','1','0');
INSERT INTO sp_adr_basic_info (provider_no, provider_name, goods_arrival_cycle, grade, opera_status, settlement_period, pay_condition, belong_area, belong_area_name, pay_type, STATUS)  VALUES('1000028','四川-成都铭昊商贸有限公司','4','2','1','0','1','510000','四川','1','0');
INSERT INTO sp_adr_basic_info (provider_no, provider_name, goods_arrival_cycle, grade, opera_status, settlement_period, pay_condition, belong_area, belong_area_name, pay_type, STATUS)  VALUES('1000029','四川-成都你好植物科技有限公司','5','1','1','2','0','510000','四川','1','0');
INSERT INTO sp_adr_basic_info (provider_no, provider_name, goods_arrival_cycle, grade, opera_status, settlement_period, pay_condition, belong_area, belong_area_name, pay_type, STATUS)  VALUES('1000030','四川-成都兆廷商贸有限公司','4','2','1','2','0','510000','四川','1','0');
INSERT INTO sp_adr_basic_info (provider_no, provider_name, goods_arrival_cycle, grade, opera_status, settlement_period, pay_condition, belong_area, belong_area_name, pay_type, STATUS)  VALUES('1000031','四川-成都蜀特商贸有限公司','4','4','1','1','0','510000','四川','1','0');
INSERT INTO sp_adr_basic_info (provider_no, provider_name, goods_arrival_cycle, grade, opera_status, settlement_period, pay_condition, belong_area, belong_area_name, pay_type, STATUS)  VALUES('1000032','四川-成都宏旺达贸易有限公司','4','4','1','0','1','510000','四川','1','0');
INSERT INTO sp_adr_basic_info (provider_no, provider_name, goods_arrival_cycle, grade, opera_status, settlement_period, pay_condition, belong_area, belong_area_name, pay_type, STATUS)  VALUES('1000033','四川-成都友程贸易有限公司','7','3','1','2','0','510000','四川','1','0');
INSERT INTO sp_adr_basic_info (provider_no, provider_name, goods_arrival_cycle, grade, opera_status, settlement_period, pay_condition, belong_area, belong_area_name, pay_type, STATUS)  VALUES('1000034','四川-成都集佰汇科技有限公司','7','3','1','1','0','510000','四川','1','0');
INSERT INTO sp_adr_basic_info (provider_no, provider_name, goods_arrival_cycle, grade, opera_status, settlement_period, pay_condition, belong_area, belong_area_name, pay_type, STATUS)  VALUES('1000035','四川-成都彼岸商贸有限公司','5','3','1','1','0','510000','四川','1','0');
INSERT INTO sp_adr_basic_info (provider_no, provider_name, goods_arrival_cycle, grade, opera_status, settlement_period, pay_condition, belong_area, belong_area_name, pay_type, STATUS)  VALUES('1000036','四川-成都瑞琪达商贸有限公司','5','3','1','0','1','510000','四川','1','0');
INSERT INTO sp_adr_basic_info (provider_no, provider_name, goods_arrival_cycle, grade, opera_status, settlement_period, pay_condition, belong_area, belong_area_name, pay_type, STATUS)  VALUES('1000037','四川-四川沃美进出口贸易有限公司','7','3','1','0','2','510000','四川','1','0');
INSERT INTO sp_adr_basic_info (provider_no, provider_name, goods_arrival_cycle, grade, opera_status, settlement_period, pay_condition, belong_area, belong_area_name, pay_type, STATUS)  VALUES('1000038','四川-成都小超邦科技有限公司','5','3','1','0','2','510000','四川','1','0');
INSERT INTO sp_adr_basic_info (provider_no, provider_name, goods_arrival_cycle, grade, opera_status, settlement_period, pay_condition, belong_area, belong_area_name, pay_type, STATUS)  VALUES('1000039','四川-成都金福洋贸易有限公司','7','3','1','0','1','510000','四川','1','0');
INSERT INTO sp_adr_basic_info (provider_no, provider_name, goods_arrival_cycle, grade, opera_status, settlement_period, pay_condition, belong_area, belong_area_name, pay_type, STATUS)  VALUES('1000040','四川-成都百分百佳商贸有限公司 ','6','3','1','2','0','510000','四川','1','0');
INSERT INTO sp_adr_basic_info (provider_no, provider_name, goods_arrival_cycle, grade, opera_status, settlement_period, pay_condition, belong_area, belong_area_name, pay_type, STATUS)  VALUES('1000041','四川-成都友程贸易有限公司','6','3','1','2','0','510000','四川','1','0');
INSERT INTO sp_adr_basic_info (provider_no, provider_name, goods_arrival_cycle, grade, opera_status, settlement_period, pay_condition, belong_area, belong_area_name, pay_type, STATUS)  VALUES('1000042','四川-成都市鑫鑫越洋商贸有限公司','6','3','1','2','0','510000','四川','1','0');


ALTER TABLE sp_adr_contact_info AUTO_INCREMENT=1;
INSERT INTO sp_adr_contact_info (provider_name, provider_phone, provider_email, purchase_name, purchase_phone, purchase_email, STATUS) VALUES('成福科','18064933007','18548127908@163.com','陈增荣','13438153820','chenzengrong@yatang.cn','0');
INSERT INTO sp_adr_contact_info (provider_name, provider_phone, provider_email, purchase_name, purchase_phone, purchase_email, STATUS) VALUES('李志军','13980889504','645393090@qq.com','陈增荣','13438153820','chenzengrong@yatang.cn','0');
INSERT INTO sp_adr_contact_info (provider_name, provider_phone, provider_email, purchase_name, purchase_phone, purchase_email, STATUS) VALUES('候世林','18011537683','306739657@qq.com','陈增荣','13438153820','chenzengrong@yatang.cn','0');
INSERT INTO sp_adr_contact_info (provider_name, provider_phone, provider_email, purchase_name, purchase_phone, purchase_email, STATUS) VALUES('董万超','18980481506','2330438311@qq.com','陈增荣','13438153820','chenzengrong@yatang.cn','0');
INSERT INTO sp_adr_contact_info (provider_name, provider_phone, provider_email, purchase_name, purchase_phone, purchase_email, STATUS) VALUES('曾绍春','13808039879','304837280@qq.com','陈增荣','13438153820','chenzengrong@yatang.cn','0');
INSERT INTO sp_adr_contact_info (provider_name, provider_phone, provider_email, purchase_name, purchase_phone, purchase_email, STATUS) VALUES('陈汝源','13408579715','646828474@qq.com','陈增荣','13438153820','chenzengrong@yatang.cn','0');
INSERT INTO sp_adr_contact_info (provider_name, provider_phone, provider_email, purchase_name, purchase_phone, purchase_email, STATUS) VALUES('陈非梦','13818988201','feimeng.chen@tohkin.com','陈增荣','13438153820','chenzengrong@yatang.cn','0');
INSERT INTO sp_adr_contact_info (provider_name, provider_phone, provider_email, purchase_name, purchase_phone, purchase_email, STATUS) VALUES('姜军虎','15390438182','396754967@qq.com','陈增荣','13438153820','chenzengrong@yatang.cn','0');
INSERT INTO sp_adr_contact_info (provider_name, provider_phone, provider_email, purchase_name, purchase_phone, purchase_email, STATUS) VALUES('何斌','18808391055','','贺传宝','13880375573','hechuanbao@yatang.com','0');
INSERT INTO sp_adr_contact_info (provider_name, provider_phone, provider_email, purchase_name, purchase_phone, purchase_email, STATUS) VALUES('钱克会','13678173763','','贺传宝','13880375573','hechuanbao@yatang.com','0');
INSERT INTO sp_adr_contact_info (provider_name, provider_phone, provider_email, purchase_name, purchase_phone, purchase_email, STATUS) VALUES('谭帅','18322114461','','贺传宝','13880375573','hechuanbao@yatang.com','0');
INSERT INTO sp_adr_contact_info (provider_name, provider_phone, provider_email, purchase_name, purchase_phone, purchase_email, STATUS) VALUES('苟艳群','18628081536','2085897238@qq.com','贺传宝','13880375573','hechuanbao@yatang.com','0');
INSERT INTO sp_adr_contact_info (provider_name, provider_phone, provider_email, purchase_name, purchase_phone, purchase_email, STATUS) VALUES('杨昌卫','13908231605','','贺传宝','13880375573','hechuanbao@yatang.com','0');
INSERT INTO sp_adr_contact_info (provider_name, provider_phone, provider_email, purchase_name, purchase_phone, purchase_email, STATUS) VALUES('何磊','13980481170','287337848@qq.com','贺传宝','13880375573','hechuanbao@yatang.com','0');
INSERT INTO sp_adr_contact_info (provider_name, provider_phone, provider_email, purchase_name, purchase_phone, purchase_email, STATUS) VALUES('张泽勇','13902905046','235942310@qq.com','贺传宝','13880375573','hechuanbao@yatang.com','0');
INSERT INTO sp_adr_contact_info (provider_name, provider_phone, provider_email, purchase_name, purchase_phone, purchase_email, STATUS) VALUES('张凯玲','15228919492','yibinfy@126.com','贺传宝','13880375573','hechuanbao@yatang.com','0');
INSERT INTO sp_adr_contact_info (provider_name, provider_phone, provider_email, purchase_name, purchase_phone, purchase_email, STATUS) VALUES('乔新','13981867141','413310315@qq.com','贺传宝','13880375573','hechuanbao@yatang.com','0');
INSERT INTO sp_adr_contact_info (provider_name, provider_phone, provider_email, purchase_name, purchase_phone, purchase_email, STATUS) VALUES('邓建 ','15202818868','1019798398@qq.com','杨妍','18982168776','yangyan@yatang.cn','0');
INSERT INTO sp_adr_contact_info (provider_name, provider_phone, provider_email, purchase_name, purchase_phone, purchase_email, STATUS) VALUES('张家彬 ','13881760396','1203541825@qq.com','杨妍','18982168776','yangyan@yatang.cn','0');
INSERT INTO sp_adr_contact_info (provider_name, provider_phone, provider_email, purchase_name, purchase_phone, purchase_email, STATUS) VALUES('王均华 ','13540635815','1012847154@qq.com','杨妍','18982168776','yangyan@yatang.cn','0');
INSERT INTO sp_adr_contact_info (provider_name, provider_phone, provider_email, purchase_name, purchase_phone, purchase_email, STATUS) VALUES('周姐 ','18982162548','294361724@qq.com','杨妍','18982168776','yangyan@yatang.cn','0');
INSERT INTO sp_adr_contact_info (provider_name, provider_phone, provider_email, purchase_name, purchase_phone, purchase_email, STATUS) VALUES('宋总','13568830694','3552331184@qq.com','杨妍','18982168776','yangyan@yatang.cn','0');
INSERT INTO sp_adr_contact_info (provider_name, provider_phone, provider_email, purchase_name, purchase_phone, purchase_email, STATUS) VALUES('陈德春 ','13982055770','237031710@qq.com','杨妍','18982168776','yangyan@yatang.cn','0');
INSERT INTO sp_adr_contact_info (provider_name, provider_phone, provider_email, purchase_name, purchase_phone, purchase_email, STATUS) VALUES('李淳 ','13308070868','442197150@qq.com','杨妍','18982168776','yangyan@yatang.cn','0');
INSERT INTO sp_adr_contact_info (provider_name, provider_phone, provider_email, purchase_name, purchase_phone, purchase_email, STATUS) VALUES('丁建','18030497322','578574552@qq.com','杨妍','18982168776','yangyan@yatang.cn','0');
INSERT INTO sp_adr_contact_info (provider_name, provider_phone, provider_email, purchase_name, purchase_phone, purchase_email, STATUS) VALUES('杨总','15682123331','2311855486@qq.com','杨妍','18982168776','yangyan@yatang.cn','0');
INSERT INTO sp_adr_contact_info (provider_name, provider_phone, provider_email, purchase_name, purchase_phone, purchase_email, STATUS) VALUES('岳渤','15520751602','cdksy_2012@163.com','杨妍','18982168776','yangyan@yatang.cn','0');
INSERT INTO sp_adr_contact_info (provider_name, provider_phone, provider_email, purchase_name, purchase_phone, purchase_email, STATUS) VALUES(' 杨国琼 ','13548150815','2733889096@qq.com ','杨妍','18982168776','yangyan@yatang.cn','0');
INSERT INTO sp_adr_contact_info (provider_name, provider_phone, provider_email, purchase_name, purchase_phone, purchase_email, STATUS) VALUES(' 张经理 ','15680907787','zhangrui@nihaozhiwu.com','杨妍','18982168776','yangyan@yatang.cn','0');
INSERT INTO sp_adr_contact_info (provider_name, provider_phone, provider_email, purchase_name, purchase_phone, purchase_email, STATUS) VALUES('沈总','18581880657','2408322590@qq.com','杨妍','18982168776','yangyan@yatang.cn','0');
INSERT INTO sp_adr_contact_info (provider_name, provider_phone, provider_email, purchase_name, purchase_phone, purchase_email, STATUS) VALUES('黄春','15928727468','929926572@qq.com','杨妍','18982168776','yangyan@yatang.cn','0');
INSERT INTO sp_adr_contact_info (provider_name, provider_phone, provider_email, purchase_name, purchase_phone, purchase_email, STATUS) VALUES('李金欣','17380129325','361516108@qq.com','杨妍','18982168776','yangyan@yatang.cn','0');
INSERT INTO sp_adr_contact_info (provider_name, provider_phone, provider_email, purchase_name, purchase_phone, purchase_email, STATUS) VALUES('杨铭','13981706090','444249368@qq.com','亢小蓉','13438240424','kangxiaorong@yatang.cn','0');
INSERT INTO sp_adr_contact_info (provider_name, provider_phone, provider_email, purchase_name, purchase_phone, purchase_email, STATUS) VALUES('鲜洪','13308198419','','亢小蓉','13438240424','kangxiaorong@yatang.cn','0');
INSERT INTO sp_adr_contact_info (provider_name, provider_phone, provider_email, purchase_name, purchase_phone, purchase_email, STATUS) VALUES('陈鹏宇','15008401677','','亢小蓉','13438240424','kangxiaorong@yatang.cn','0');
INSERT INTO sp_adr_contact_info (provider_name, provider_phone, provider_email, purchase_name, purchase_phone, purchase_email, STATUS) VALUES('邓天健','18980910233','','亢小蓉','13438240424','kangxiaorong@yatang.cn','0');
INSERT INTO sp_adr_contact_info (provider_name, provider_phone, provider_email, purchase_name, purchase_phone, purchase_email, STATUS) VALUES('江红丽','15982175052','','亢小蓉','13438240424','kangxiaorong@yatang.cn','0');
INSERT INTO sp_adr_contact_info (provider_name, provider_phone, provider_email, purchase_name, purchase_phone, purchase_email, STATUS) VALUES('向忠林','13688340497','','亢小蓉','13438240424','kangxiaorong@yatang.cn','0');
INSERT INTO sp_adr_contact_info (provider_name, provider_phone, provider_email, purchase_name, purchase_phone, purchase_email, STATUS) VALUES('杜维','18200435996','','亢小蓉','13438240424','kangxiaorong@yatang.cn','0');
INSERT INTO sp_adr_contact_info (provider_name, provider_phone, provider_email, purchase_name, purchase_phone, purchase_email, STATUS) VALUES('唐印晖','13980054949','54487823@qq.com','尹朝军','17713549982','yinchaojun@yatang.cn','0');
INSERT INTO sp_adr_contact_info (provider_name, provider_phone, provider_email, purchase_name, purchase_phone, purchase_email, STATUS) VALUES('杨铭','13981706090','444249368@qq.con','尹朝军','17713549982','yinchaojun@yatang.cn','0');
INSERT INTO sp_adr_contact_info (provider_name, provider_phone, provider_email, purchase_name, purchase_phone, purchase_email, STATUS) VALUES('王林远','18980982318','1021695683@qq.com','尹朝军','17713549982','yinchaojun@yatang.cn','0');


ALTER TABLE sp_adr_delivery_info AUTO_INCREMENT=1;
insert into sp_adr_delivery_info (sp_adr_id, w_id) values('1','1');
insert into sp_adr_delivery_info (sp_adr_id, w_id) values('2','1');
insert into sp_adr_delivery_info (sp_adr_id, w_id) values('3','1');
insert into sp_adr_delivery_info (sp_adr_id, w_id) values('4','1');
insert into sp_adr_delivery_info (sp_adr_id, w_id) values('5','1');
insert into sp_adr_delivery_info (sp_adr_id, w_id) values('6','1');
insert into sp_adr_delivery_info (sp_adr_id, w_id) values('7','1');
insert into sp_adr_delivery_info (sp_adr_id, w_id) values('8','1');
insert into sp_adr_delivery_info (sp_adr_id, w_id) values('9','1');
insert into sp_adr_delivery_info (sp_adr_id, w_id) values('10','1');
insert into sp_adr_delivery_info (sp_adr_id, w_id) values('11','1');
insert into sp_adr_delivery_info (sp_adr_id, w_id) values('12','1');
insert into sp_adr_delivery_info (sp_adr_id, w_id) values('13','1');
insert into sp_adr_delivery_info (sp_adr_id, w_id) values('14','1');
insert into sp_adr_delivery_info (sp_adr_id, w_id) values('15','1');
insert into sp_adr_delivery_info (sp_adr_id, w_id) values('16','1');
insert into sp_adr_delivery_info (sp_adr_id, w_id) values('17','1');
insert into sp_adr_delivery_info (sp_adr_id, w_id) values('18','1');
insert into sp_adr_delivery_info (sp_adr_id, w_id) values('19','1');
insert into sp_adr_delivery_info (sp_adr_id, w_id) values('20','1');
insert into sp_adr_delivery_info (sp_adr_id, w_id) values('21','2');
insert into sp_adr_delivery_info (sp_adr_id, w_id) values('22','2');
insert into sp_adr_delivery_info (sp_adr_id, w_id) values('23','2');
insert into sp_adr_delivery_info (sp_adr_id, w_id) values('24','2');
insert into sp_adr_delivery_info (sp_adr_id, w_id) values('25','2');
insert into sp_adr_delivery_info (sp_adr_id, w_id) values('26','2');
insert into sp_adr_delivery_info (sp_adr_id, w_id) values('27','2');
insert into sp_adr_delivery_info (sp_adr_id, w_id) values('28','2');
insert into sp_adr_delivery_info (sp_adr_id, w_id) values('29','2');
insert into sp_adr_delivery_info (sp_adr_id, w_id) values('30','2');
insert into sp_adr_delivery_info (sp_adr_id, w_id) values('31','2');
insert into sp_adr_delivery_info (sp_adr_id, w_id) values('32','2');
insert into sp_adr_delivery_info (sp_adr_id, w_id) values('33','2');
insert into sp_adr_delivery_info (sp_adr_id, w_id) values('34','2');
insert into sp_adr_delivery_info (sp_adr_id, w_id) values('35','2');
insert into sp_adr_delivery_info (sp_adr_id, w_id) values('36','2');
insert into sp_adr_delivery_info (sp_adr_id, w_id) values('37','2');
insert into sp_adr_delivery_info (sp_adr_id, w_id) values('38','2');
insert into sp_adr_delivery_info (sp_adr_id, w_id) values('39','2');
insert into sp_adr_delivery_info (sp_adr_id, w_id) values('40','2');
insert into sp_adr_delivery_info (sp_adr_id, w_id) values('41','2');
insert into sp_adr_delivery_info (sp_adr_id, w_id) values('42','2');

ALTER TABLE supplier_adr_info AUTO_INCREMENT=1;
insert into supplier_adr_info (parent_id, basic_id, cont_id, status, create_time, modify_time, create_user, modify_user) values('xcsupp001','1','1','0',now(),now(),'admin','admin');
insert into supplier_adr_info (parent_id, basic_id, cont_id, status, create_time, modify_time, create_user, modify_user) values('xcsupp002','2','2','0',now(),now(),'admin','admin');
insert into supplier_adr_info (parent_id, basic_id, cont_id, status, create_time, modify_time, create_user, modify_user) values('xcsupp003','3','3','0',now(),now(),'admin','admin');
insert into supplier_adr_info (parent_id, basic_id, cont_id, status, create_time, modify_time, create_user, modify_user) values('xcsupp004','4','4','0',now(),now(),'admin','admin');
insert into supplier_adr_info (parent_id, basic_id, cont_id, status, create_time, modify_time, create_user, modify_user) values('xcsupp005','5','5','0',now(),now(),'admin','admin');
insert into supplier_adr_info (parent_id, basic_id, cont_id, status, create_time, modify_time, create_user, modify_user) values('xcsupp006','6','6','0',now(),now(),'admin','admin');
insert into supplier_adr_info (parent_id, basic_id, cont_id, status, create_time, modify_time, create_user, modify_user) values('xcsupp007','7','7','0',now(),now(),'admin','admin');
insert into supplier_adr_info (parent_id, basic_id, cont_id, status, create_time, modify_time, create_user, modify_user) values('xcsupp008','8','8','0',now(),now(),'admin','admin');
insert into supplier_adr_info (parent_id, basic_id, cont_id, status, create_time, modify_time, create_user, modify_user) values('xcsupp009','9','9','0',now(),now(),'admin','admin');
insert into supplier_adr_info (parent_id, basic_id, cont_id, status, create_time, modify_time, create_user, modify_user) values('xcsupp010','10','10','0',now(),now(),'admin','admin');
insert into supplier_adr_info (parent_id, basic_id, cont_id, status, create_time, modify_time, create_user, modify_user) values('xcsupp011','11','11','0',now(),now(),'admin','admin');
insert into supplier_adr_info (parent_id, basic_id, cont_id, status, create_time, modify_time, create_user, modify_user) values('xcsupp012','12','12','0',now(),now(),'admin','admin');
insert into supplier_adr_info (parent_id, basic_id, cont_id, status, create_time, modify_time, create_user, modify_user) values('xcsupp013','13','13','0',now(),now(),'admin','admin');
insert into supplier_adr_info (parent_id, basic_id, cont_id, status, create_time, modify_time, create_user, modify_user) values('xcsupp014','14','14','0',now(),now(),'admin','admin');
insert into supplier_adr_info (parent_id, basic_id, cont_id, status, create_time, modify_time, create_user, modify_user) values('xcsupp015','15','15','0',now(),now(),'admin','admin');
insert into supplier_adr_info (parent_id, basic_id, cont_id, status, create_time, modify_time, create_user, modify_user) values('xcsupp016','16','16','0',now(),now(),'admin','admin');
insert into supplier_adr_info (parent_id, basic_id, cont_id, status, create_time, modify_time, create_user, modify_user) values('xcsupp017','17','17','0',now(),now(),'admin','admin');
insert into supplier_adr_info (parent_id, basic_id, cont_id, status, create_time, modify_time, create_user, modify_user) values('xcsupp018','18','18','0',now(),now(),'admin','admin');
insert into supplier_adr_info (parent_id, basic_id, cont_id, status, create_time, modify_time, create_user, modify_user) values('xcsupp019','19','19','0',now(),now(),'admin','admin');
insert into supplier_adr_info (parent_id, basic_id, cont_id, status, create_time, modify_time, create_user, modify_user) values('xcsupp020','20','20','0',now(),now(),'admin','admin');
insert into supplier_adr_info (parent_id, basic_id, cont_id, status, create_time, modify_time, create_user, modify_user) values('xcsupp021','21','21','0',now(),now(),'admin','admin');
insert into supplier_adr_info (parent_id, basic_id, cont_id, status, create_time, modify_time, create_user, modify_user) values('xcsupp022','22','22','0',now(),now(),'admin','admin');
insert into supplier_adr_info (parent_id, basic_id, cont_id, status, create_time, modify_time, create_user, modify_user) values('xcsupp023','23','23','0',now(),now(),'admin','admin');
insert into supplier_adr_info (parent_id, basic_id, cont_id, status, create_time, modify_time, create_user, modify_user) values('xcsupp024','24','24','0',now(),now(),'admin','admin');
insert into supplier_adr_info (parent_id, basic_id, cont_id, status, create_time, modify_time, create_user, modify_user) values('xcsupp025','25','25','0',now(),now(),'admin','admin');
insert into supplier_adr_info (parent_id, basic_id, cont_id, status, create_time, modify_time, create_user, modify_user) values('xcsupp026','26','26','0',now(),now(),'admin','admin');
insert into supplier_adr_info (parent_id, basic_id, cont_id, status, create_time, modify_time, create_user, modify_user) values('xcsupp027','27','27','0',now(),now(),'admin','admin');
insert into supplier_adr_info (parent_id, basic_id, cont_id, status, create_time, modify_time, create_user, modify_user) values('xcsupp028','28','28','0',now(),now(),'admin','admin');
insert into supplier_adr_info (parent_id, basic_id, cont_id, status, create_time, modify_time, create_user, modify_user) values('xcsupp029','29','29','0',now(),now(),'admin','admin');
insert into supplier_adr_info (parent_id, basic_id, cont_id, status, create_time, modify_time, create_user, modify_user) values('xcsupp030','30','30','0',now(),now(),'admin','admin');
insert into supplier_adr_info (parent_id, basic_id, cont_id, status, create_time, modify_time, create_user, modify_user) values('xcsupp031','31','31','0',now(),now(),'admin','admin');
insert into supplier_adr_info (parent_id, basic_id, cont_id, status, create_time, modify_time, create_user, modify_user) values('xcsupp032','32','32','0',now(),now(),'admin','admin');
insert into supplier_adr_info (parent_id, basic_id, cont_id, status, create_time, modify_time, create_user, modify_user) values('xcsupp033','33','33','0',now(),now(),'admin','admin');
insert into supplier_adr_info (parent_id, basic_id, cont_id, status, create_time, modify_time, create_user, modify_user) values('xcsupp034','34','34','0',now(),now(),'admin','admin');
insert into supplier_adr_info (parent_id, basic_id, cont_id, status, create_time, modify_time, create_user, modify_user) values('xcsupp035','35','35','0',now(),now(),'admin','admin');
insert into supplier_adr_info (parent_id, basic_id, cont_id, status, create_time, modify_time, create_user, modify_user) values('xcsupp036','36','36','0',now(),now(),'admin','admin');
insert into supplier_adr_info (parent_id, basic_id, cont_id, status, create_time, modify_time, create_user, modify_user) values('xcsupp037','37','37','0',now(),now(),'admin','admin');
insert into supplier_adr_info (parent_id, basic_id, cont_id, status, create_time, modify_time, create_user, modify_user) values('xcsupp038','38','38','0',now(),now(),'admin','admin');
insert into supplier_adr_info (parent_id, basic_id, cont_id, status, create_time, modify_time, create_user, modify_user) values('xcsupp039','39','39','0',now(),now(),'admin','admin');
insert into supplier_adr_info (parent_id, basic_id, cont_id, status, create_time, modify_time, create_user, modify_user) values('xcsupp040','40','40','0',now(),now(),'admin','admin');
insert into supplier_adr_info (parent_id, basic_id, cont_id, status, create_time, modify_time, create_user, modify_user) values('xcsupp041','41','41','0',now(),now(),'admin','admin');
insert into supplier_adr_info (parent_id, basic_id, cont_id, status, create_time, modify_time, create_user, modify_user) values('xcsupp042','42','42','0',now(),now(),'admin','admin');
